history_id,opp_id,stage,changed_date,days_in_stage
1,006QBMAE38SRYO4RCB,Prospecting,2024-12-16,5
2,006QBMAE38SRYO4RCB,Qualification,2024-12-21,7
3,006U1RSUJT9T11PHP0,Prospecting,2023-02-06,14
4,006E3H0Y4VPW232UTV,Prospecting,2024-02-10,7
5,006YD82795E5IZ31YR,Prospecting,2024-11-12,6
6,006K7N8LA100QXMCTH,Prospecting,2024-09-30,15
7,006K7N8LA100QXMCTH,Qualification,2024-10-15,17
8,006E4261BW4A7FQ9P9,Prospecting,2024-10-07,7
9,006E4261BW4A7FQ9P9,Qualification,2024-10-14,11
10,006MCXXBW01PDDHCVS,Prospecting,2024-01-24,11
11,006MCXXBW01PDDHCVS,Qualification,2024-02-04,8
12,006MCXXBW01PDDHCVS,Proposal,2024-02-12,13
13,006MCXXBW01PDDHCVS,Negotiation,2024-02-25,6
14,006MCXXBW01PDDHCVS,Closed Won,2024-03-02,0
15,006RID3DNKN35XYCUV,Prospecting,2023-05-25,3
16,006RID3DNKN35XYCUV,Qualification,2023-05-28,5
17,006PH6FE0MP2IXIVZK,Prospecting,2024-03-03,7
18,006PH6FE0MP2IXIVZK,Qualification,2024-03-10,8
19,006PH6FE0MP2IXIVZK,Proposal,2024-03-18,13
20,006KB68RERVT997E4U,Prospecting,2024-02-22,5
21,006KB68RERVT997E4U,Qualification,2024-02-27,7
22,006AH78OKZ1POXTFDC,Prospecting,2024-12-06,4
23,006AH78OKZ1POXTFDC,Qualification,2024-12-10,13
24,006AH78OKZ1POXTFDC,Proposal,2024-12-23,21
25,006AH78OKZ1POXTFDC,Negotiation,2025-01-13,12
26,00604CDPQVL00EZZF8,Prospecting,2024-06-10,9
27,00604CDPQVL00EZZF8,Qualification,2024-06-19,16
28,006B3JCZUCQMRUNJDU,Prospecting,2024-07-29,13
29,006B3JCZUCQMRUNJDU,Qualification,2024-08-11,17
30,006B3JCZUCQMRUNJDU,Proposal,2024-08-28,7
31,006N7G8B2ZXII6L3UE,Prospecting,2024-11-25,14
32,006QK4LTAHUKWQVR1H,Prospecting,2023-08-20,12
33,006QK4LTAHUKWQVR1H,Qualification,2023-09-01,14
34,006QK4LTAHUKWQVR1H,Proposal,2023-09-15,17
35,006QK4LTAHUKWQVR1H,Negotiation,2023-10-02,29
36,006QK4LTAHUKWQVR1H,Closed Won,2023-10-31,0
37,006QK4LTAHUKWQVR1H,Closed Lost,2023-10-31,0
38,006YAM1N0LH9P89FKB,Prospecting,2024-05-23,8
39,006DDE3CUP8IJL2Z0L,Prospecting,2024-08-29,6
40,006DDE3CUP8IJL2Z0L,Qualification,2024-09-04,14
41,006DDE3CUP8IJL2Z0L,Proposal,2024-09-18,20
42,006DDE3CUP8IJL2Z0L,Negotiation,2024-10-08,44
43,006DDE3CUP8IJL2Z0L,Closed Won,2024-11-21,0
44,006FQOT8HLJEFY3ZB4,Prospecting,2024-05-06,12
45,006YJ9BOQ0IQ2FA39E,Prospecting,2024-02-08,10
46,006YJ9BOQ0IQ2FA39E,Qualification,2024-02-18,6
47,006YJ9BOQ0IQ2FA39E,Proposal,2024-02-24,28
48,006YJ9BOQ0IQ2FA39E,Negotiation,2024-03-23,36
49,006YJ9BOQ0IQ2FA39E,Closed Won,2024-04-28,0
50,006YJ9BOQ0IQ2FA39E,Closed Lost,2024-04-28,0
51,006HX3D43E7B7P0RNP,Prospecting,2023-10-09,3
52,006HX3D43E7B7P0RNP,Qualification,2023-10-12,20
53,006HX3D43E7B7P0RNP,Proposal,2023-11-01,17
54,006WXR5RDNPX2I9TAN,Prospecting,2024-04-20,8
55,006JAVB3K3QMVIFIIT,Prospecting,2024-10-29,3
56,006JAVB3K3QMVIFIIT,Qualification,2024-11-01,13
57,006L0MVZMUF8438TGB,Prospecting,2024-10-27,14
58,006L0MVZMUF8438TGB,Qualification,2024-11-10,20
59,006W3MG25CFZFDSNCZ,Prospecting,2024-10-16,15
60,006PXRLZU6WMX3N0KG,Prospecting,2023-10-26,9
61,006PXRLZU6WMX3N0KG,Qualification,2023-11-04,8
62,006L3WXDRLCMLW83Y0,Prospecting,2024-12-09,9
63,006L3WXDRLCMLW83Y0,Qualification,2024-12-18,16
64,006L3WXDRLCMLW83Y0,Proposal,2025-01-03,28
65,006L3WXDRLCMLW83Y0,Negotiation,2025-01-31,36
66,006DAN085RNTDR5XYF,Prospecting,2024-04-03,3
67,0065FC79M96ZPXVPBL,Prospecting,2024-02-25,9
68,0065FC79M96ZPXVPBL,Qualification,2024-03-05,6
69,006BU4FMPKXVHAGKC4,Prospecting,2024-10-05,10
70,006TG5NQJQIJC1YDMT,Prospecting,2024-10-17,15
71,006TG5NQJQIJC1YDMT,Qualification,2024-11-01,7
72,006TG5NQJQIJC1YDMT,Proposal,2024-11-08,22
73,006TG5NQJQIJC1YDMT,Negotiation,2024-11-30,21
74,006TG5NQJQIJC1YDMT,Closed Won,2024-12-21,0
75,0067UIKO4BUSU9F8Q8,Prospecting,2023-10-11,11
76,0067UIKO4BUSU9F8Q8,Qualification,2023-10-22,7
77,0067UIKO4BUSU9F8Q8,Proposal,2023-10-29,9
78,0067UIKO4BUSU9F8Q8,Negotiation,2023-11-07,20
79,0063FVL03DUT4S7AZV,Prospecting,2024-04-22,14
80,00677UDKTMONRVBJFV,Prospecting,2024-09-05,14
81,0066A3KKRZD5E9P3JP,Prospecting,2024-03-21,13
82,0066A3KKRZD5E9P3JP,Qualification,2024-04-03,8
83,0066A3KKRZD5E9P3JP,Proposal,2024-04-11,21
84,006153SFLSE45BG34I,Prospecting,2024-09-06,9
85,006153SFLSE45BG34I,Qualification,2024-09-15,15
86,006153SFLSE45BG34I,Proposal,2024-09-30,14
87,006153SFLSE45BG34I,Negotiation,2024-10-14,43
88,006153SFLSE45BG34I,Closed Won,2024-11-26,0
89,006WEBNVG5VMF60YKN,Prospecting,2024-06-02,10
90,006S58YREG2IV7ZZJ6,Prospecting,2023-12-24,3
91,006S58YREG2IV7ZZJ6,Qualification,2023-12-27,15
92,006S58YREG2IV7ZZJ6,Proposal,2024-01-11,16
93,006DSX4NXVKDC9X5JZ,Prospecting,2024-01-21,11
94,006DSX4NXVKDC9X5JZ,Qualification,2024-02-01,19
95,006LFARK6O0U93MZYW,Prospecting,2023-06-19,6
96,006LFARK6O0U93MZYW,Qualification,2023-06-25,18
97,006LFARK6O0U93MZYW,Proposal,2023-07-13,10
98,006LFARK6O0U93MZYW,Negotiation,2023-07-23,5
99,006DEJ31GYMDM0L2LJ,Prospecting,2024-07-17,13
100,006DEJ31GYMDM0L2LJ,Qualification,2024-07-30,9
101,006C6S5NKB4EHOU6QL,Prospecting,2024-05-09,12
102,006AJ1G1R1DWWO8NBH,Prospecting,2024-11-24,13
103,006AJ1G1R1DWWO8NBH,Qualification,2024-12-07,5
104,006AJ1G1R1DWWO8NBH,Proposal,2024-12-12,23
105,006I5LDSLCB8QSSPYE,Prospecting,2024-03-07,10
106,006I9HASEZ2NX1WVBD,Prospecting,2023-10-30,4
107,006I9HASEZ2NX1WVBD,Qualification,2023-11-03,10
108,006I9HASEZ2NX1WVBD,Proposal,2023-11-13,21
109,006I9HASEZ2NX1WVBD,Negotiation,2023-12-04,22
110,006I9HASEZ2NX1WVBD,Closed Won,2023-12-26,0
111,006ZHYAPDSWZP6SWK2,Prospecting,2023-10-20,14
112,006ZHYAPDSWZP6SWK2,Qualification,2023-11-03,17
113,006OFT6YRIADDUR82C,Prospecting,2024-10-07,15
114,006OFT6YRIADDUR82C,Qualification,2024-10-22,6
115,006OFT6YRIADDUR82C,Proposal,2024-10-28,15
116,006OFT6YRIADDUR82C,Negotiation,2024-11-12,42
117,006DGBK2L0D1B4XGMP,Prospecting,2024-12-09,4
118,006DGBK2L0D1B4XGMP,Qualification,2024-12-13,20
119,0068JN42X2EZC7FOV2,Prospecting,2024-01-29,5
120,0068JN42X2EZC7FOV2,Qualification,2024-02-03,19
121,0068JN42X2EZC7FOV2,Proposal,2024-02-22,16
122,0068JN42X2EZC7FOV2,Negotiation,2024-03-09,15
123,006EOBJLZY1UU9YMSZ,Prospecting,2024-05-26,3
124,006EOBJLZY1UU9YMSZ,Qualification,2024-05-29,14
125,006EOBJLZY1UU9YMSZ,Proposal,2024-06-12,26
126,006U9BXF445CRI8BIX,Prospecting,2024-10-21,8
127,006U9BXF445CRI8BIX,Qualification,2024-10-29,18
128,006RL90AOBT328W6UX,Prospecting,2024-01-16,4
129,006RL90AOBT328W6UX,Qualification,2024-01-20,9
130,006WRXZE1HM38KSZBF,Prospecting,2024-03-24,4
131,006WRXZE1HM38KSZBF,Qualification,2024-03-28,11
132,006WRXZE1HM38KSZBF,Proposal,2024-04-08,22
133,006WRXZE1HM38KSZBF,Negotiation,2024-04-30,36
134,0067OQ2ZDO74V1QX8E,Prospecting,2024-12-27,6
135,006S7GU0ENV5SN961J,Prospecting,2024-09-07,3
136,006S7GU0ENV5SN961J,Qualification,2024-09-10,17
137,006S7GU0ENV5SN961J,Proposal,2024-09-27,30
138,006Z4Z7WHWKMY9X8SY,Prospecting,2024-10-21,15
139,006ZY6T5PADNBCJ29Y,Prospecting,2023-05-05,13
140,006ZY6T5PADNBCJ29Y,Qualification,2023-05-18,10
141,006ZY6T5PADNBCJ29Y,Proposal,2023-05-28,19
142,006D5050UI22KX7N89,Prospecting,2024-01-14,3
143,006D5050UI22KX7N89,Qualification,2024-01-17,14
144,006D5050UI22KX7N89,Proposal,2024-01-31,12
145,006D5050UI22KX7N89,Negotiation,2024-02-12,19
146,0064PIWZNV0H0GQ9C8,Prospecting,2023-10-03,8
147,0064PIWZNV0H0GQ9C8,Qualification,2023-10-11,20
148,0064PIWZNV0H0GQ9C8,Proposal,2023-10-31,14
149,0064AQ7B7V1W4K2TCZ,Prospecting,2023-12-13,14
150,006OM5XLK8WRU1XEMI,Prospecting,2024-06-20,10
151,006OM5XLK8WRU1XEMI,Qualification,2024-06-30,8
152,006OM5XLK8WRU1XEMI,Proposal,2024-07-08,10
153,006OM5XLK8WRU1XEMI,Negotiation,2024-07-18,15
154,006TK63N2QB6GS8G8T,Prospecting,2024-07-07,5
155,006TK63N2QB6GS8G8T,Qualification,2024-07-12,9
156,006TK63N2QB6GS8G8T,Proposal,2024-07-21,30
157,006TK63N2QB6GS8G8T,Negotiation,2024-08-20,43
158,006TK63N2QB6GS8G8T,Closed Won,2024-10-02,0
159,006H350P3CYAZBCGJC,Prospecting,2023-10-17,12
160,006H350P3CYAZBCGJC,Qualification,2023-10-29,5
161,006H350P3CYAZBCGJC,Proposal,2023-11-03,21
162,006OEAZC0B4MSKYVK7,Prospecting,2024-08-11,10
163,006OEAZC0B4MSKYVK7,Qualification,2024-08-21,16
164,006O2T8FY620N8TTEA,Prospecting,2024-10-15,15
165,006O2T8FY620N8TTEA,Qualification,2024-10-30,18
166,006XSFH4GG24479QTK,Prospecting,2024-09-28,3
167,006XSFH4GG24479QTK,Qualification,2024-10-01,16
168,006YIKCGRLXYFU38GL,Prospecting,2023-08-29,13
169,006YIKCGRLXYFU38GL,Qualification,2023-09-11,8
170,006YIKCGRLXYFU38GL,Proposal,2023-09-19,20
171,006LRQ1RDXCK36H0W0,Prospecting,2024-10-11,10
172,006LRQ1RDXCK36H0W0,Qualification,2024-10-21,6
173,006TT9Q1NI10KQSOSX,Prospecting,2024-03-24,7
174,006TT9Q1NI10KQSOSX,Qualification,2024-03-31,18
175,006TT9Q1NI10KQSOSX,Proposal,2024-04-18,24
176,00680RMHRCNBH6NQQB,Prospecting,2023-10-11,14
177,006NV6CJ9IO3M25A5P,Prospecting,2024-05-10,9
178,006NV6CJ9IO3M25A5P,Qualification,2024-05-19,7
179,006NV6CJ9IO3M25A5P,Proposal,2024-05-26,9
180,006V3XOLEYRVXOIEVE,Prospecting,2024-06-26,4
181,006VUAZXKDQ95G3V23,Prospecting,2023-10-05,7
182,006CNEAS6Y3VG6V5T1,Prospecting,2024-08-03,13
183,006NBTI22NV01ZDERI,Prospecting,2023-09-29,8
184,006NBTI22NV01ZDERI,Qualification,2023-10-07,20
185,006SNH2ODPVJTUW9OH,Prospecting,2024-08-31,9
186,0061OE5EI28DS22WYB,Prospecting,2024-07-27,11
187,0061OE5EI28DS22WYB,Qualification,2024-08-07,12
188,0061OE5EI28DS22WYB,Proposal,2024-08-19,11
189,006CHCBN9WSZV83XPH,Prospecting,2023-05-26,4
190,006CHCBN9WSZV83XPH,Qualification,2023-05-30,5
191,006CHCBN9WSZV83XPH,Proposal,2023-06-04,12
192,006CHCBN9WSZV83XPH,Negotiation,2023-06-16,10
193,006BIAF92MOVS0CDK3,Prospecting,2023-05-25,12
194,006BIAF92MOVS0CDK3,Qualification,2023-06-06,10
195,006UJODCK82853UY8U,Prospecting,2024-05-13,13
196,006UJODCK82853UY8U,Qualification,2024-05-26,11
197,006UJODCK82853UY8U,Proposal,2024-06-06,21
198,006JN2HZ2OMTZJKO0M,Prospecting,2024-09-15,13
199,006JN2HZ2OMTZJKO0M,Qualification,2024-09-28,16
200,00607G0IIJI44M2EC8,Prospecting,2024-05-30,11
201,006L65UJG1SO1ESP7B,Prospecting,2023-09-05,7
202,006L65UJG1SO1ESP7B,Qualification,2023-09-12,20
203,006L65UJG1SO1ESP7B,Proposal,2023-10-02,9
204,006L65UJG1SO1ESP7B,Negotiation,2023-10-11,16
205,006L65UJG1SO1ESP7B,Closed Won,2023-10-27,0
206,006L65UJG1SO1ESP7B,Closed Lost,2023-10-27,0
207,006YAHULWJTIQWNRHZ,Prospecting,2023-12-08,12
208,006YAHULWJTIQWNRHZ,Qualification,2023-12-20,18
209,006YAHULWJTIQWNRHZ,Proposal,2024-01-07,10
210,006YAHULWJTIQWNRHZ,Negotiation,2024-01-17,40
211,006YAHULWJTIQWNRHZ,Closed Won,2024-02-26,0
212,006YAHULWJTIQWNRHZ,Closed Lost,2024-02-26,0
213,006UIDJIPNF8F3GR94,Prospecting,2024-12-15,3
214,006YC3RWQMMU7JAE58,Prospecting,2024-07-25,6
215,006YC3RWQMMU7JAE58,Qualification,2024-07-31,11
216,006YC3RWQMMU7JAE58,Proposal,2024-08-11,11
217,006YR06NKWFG3MWU4C,Prospecting,2024-11-04,7
218,006YR06NKWFG3MWU4C,Qualification,2024-11-11,9
219,006YR06NKWFG3MWU4C,Proposal,2024-11-20,30
220,006O5270SQG4EIJ00H,Prospecting,2023-08-25,14
221,006O5270SQG4EIJ00H,Qualification,2023-09-08,17
222,006AO1CJFX5LIKWE4B,Prospecting,2023-07-19,3
223,006AO1CJFX5LIKWE4B,Qualification,2023-07-22,16
224,006AO1CJFX5LIKWE4B,Proposal,2023-08-07,8
225,006AO1CJFX5LIKWE4B,Negotiation,2023-08-15,37
226,006AO1CJFX5LIKWE4B,Closed Won,2023-09-21,0
227,006TE8TVQ05PXT6RID,Prospecting,2024-10-02,15
228,006TE8TVQ05PXT6RID,Qualification,2024-10-17,5
229,006TE8TVQ05PXT6RID,Proposal,2024-10-22,10
230,006TE8TVQ05PXT6RID,Negotiation,2024-11-01,38
231,006TE8TVQ05PXT6RID,Closed Won,2024-12-09,0
232,006TE8TVQ05PXT6RID,Closed Lost,2024-12-09,0
233,0061EKTYR1K12V2TG5,Prospecting,2024-09-28,13
234,006CWS2WYJXTJGCEDQ,Prospecting,2024-01-29,7
235,006CWS2WYJXTJGCEDQ,Qualification,2024-02-05,5
236,006CWS2WYJXTJGCEDQ,Proposal,2024-02-10,16
237,0068A9KEPADAHP2RNZ,Prospecting,2024-11-12,15
238,0068A9KEPADAHP2RNZ,Qualification,2024-11-27,9
239,006G6JNA9ZN9I9H0DX,Prospecting,2023-08-29,8
240,00600TERKMBY9IPA2V,Prospecting,2024-06-09,6
241,00600TERKMBY9IPA2V,Qualification,2024-06-15,20
242,00600TERKMBY9IPA2V,Proposal,2024-07-05,13
243,00600TERKMBY9IPA2V,Negotiation,2024-07-18,17
244,00600TERKMBY9IPA2V,Closed Won,2024-08-04,0
245,00600TERKMBY9IPA2V,Closed Lost,2024-08-04,0
246,0061IRYM81CMFTDRLU,Prospecting,2023-07-06,13
247,0061IRYM81CMFTDRLU,Qualification,2023-07-19,20
248,0061IRYM81CMFTDRLU,Proposal,2023-08-08,22
249,006JBZUTRUTLQ5V4FT,Prospecting,2024-08-31,10
250,006GA41IZXTNSRTWLX,Prospecting,2024-04-29,6
251,006GA41IZXTNSRTWLX,Qualification,2024-05-05,8
252,006HRDU4XSZJNVC7HR,Prospecting,2024-09-30,5
253,0062CWT04CHSDINGXU,Prospecting,2024-10-05,9
254,006QX5GGOMF9PML9LN,Prospecting,2024-11-29,11
255,006QX5GGOMF9PML9LN,Qualification,2024-12-10,7
256,006T0MQ8ABKAE6A9HL,Prospecting,2024-05-11,5
257,006QFJ6IJKUUHCLRR6,Prospecting,2024-06-15,13
258,006QFJ6IJKUUHCLRR6,Qualification,2024-06-28,9
259,006QFJ6IJKUUHCLRR6,Proposal,2024-07-07,23
260,006C1M3O55IXVA1NKB,Prospecting,2024-10-27,5
261,0061UDP2FMR0TJOPZ1,Prospecting,2024-11-03,15
262,0069SIJPYUEONGMX1G,Prospecting,2024-02-01,4
263,0069SIJPYUEONGMX1G,Qualification,2024-02-05,20
264,006N14EB8753AYEQAH,Prospecting,2024-10-04,11
265,0069ZYN6SJCHZJQ8CX,Prospecting,2024-12-13,4
266,0069ZYN6SJCHZJQ8CX,Qualification,2024-12-17,10
267,0069ZYN6SJCHZJQ8CX,Proposal,2024-12-27,14
268,0069ZYN6SJCHZJQ8CX,Negotiation,2025-01-10,45
269,006SZ6RVDH8UZB7KR0,Prospecting,2023-06-27,15
270,006SZ6RVDH8UZB7KR0,Qualification,2023-07-12,18
271,006SZ6RVDH8UZB7KR0,Proposal,2023-07-30,27
272,006SZ6RVDH8UZB7KR0,Negotiation,2023-08-26,28
273,006CJN9978IMOE0SY5,Prospecting,2024-09-25,6
274,006CJN9978IMOE0SY5,Qualification,2024-10-01,13
275,006CJN9978IMOE0SY5,Proposal,2024-10-14,20
276,006THET25LZSE99F77,Prospecting,2024-03-17,3
277,0064FBL98K03W0FGEA,Prospecting,2024-12-07,15
278,0064FBL98K03W0FGEA,Qualification,2024-12-22,18
279,0064FBL98K03W0FGEA,Proposal,2025-01-09,8
280,0064FBL98K03W0FGEA,Negotiation,2025-01-17,25
281,0064FBL98K03W0FGEA,Closed Won,2025-02-11,0
282,006MYRSVZN4REGB1AJ,Prospecting,2024-09-28,15
283,006LQIOB0NLW0VS52S,Prospecting,2024-07-02,9
284,006SWBKOK3QPWBSF3Q,Prospecting,2024-02-25,3
285,006SWBKOK3QPWBSF3Q,Qualification,2024-02-28,11
286,006OQGVZHQJY62ZEEQ,Prospecting,2024-10-13,13
287,006OQGVZHQJY62ZEEQ,Qualification,2024-10-26,16
288,006OQGVZHQJY62ZEEQ,Proposal,2024-11-11,19
289,006OQGVZHQJY62ZEEQ,Negotiation,2024-11-30,33
290,006OQGVZHQJY62ZEEQ,Closed Won,2025-01-02,0
291,006NN16UXF5GZPL1QW,Prospecting,2024-10-08,12
292,006NN16UXF5GZPL1QW,Qualification,2024-10-20,12
293,0064TA5IVROCVITWU3,Prospecting,2023-11-14,14
294,0064TA5IVROCVITWU3,Qualification,2023-11-28,9
295,0064TA5IVROCVITWU3,Proposal,2023-12-07,22
296,006Y4K7BPGYVYV2GQU,Prospecting,2023-06-04,12
297,006Y4K7BPGYVYV2GQU,Qualification,2023-06-16,18
298,006Y4K7BPGYVYV2GQU,Proposal,2023-07-04,27
299,0064CQE4LOHHCU9TD0,Prospecting,2024-10-07,15
300,0064CQE4LOHHCU9TD0,Qualification,2024-10-22,10
301,006EUSWRGVZ9AAWE42,Prospecting,2024-08-04,6
302,006YJCKT1ELOU83G47,Prospecting,2024-02-21,12
303,006YJCKT1ELOU83G47,Qualification,2024-03-04,14
304,00656Q37CSUYTAUL62,Prospecting,2023-06-26,10
305,006FVGE2L4ZJD5N3KS,Prospecting,2024-03-03,15
306,006FVGE2L4ZJD5N3KS,Qualification,2024-03-18,7
307,00626FMR5LL1D9S9HB,Prospecting,2024-02-09,9
308,00626FMR5LL1D9S9HB,Qualification,2024-02-18,5
309,00626FMR5LL1D9S9HB,Proposal,2024-02-23,20
310,00626FMR5LL1D9S9HB,Negotiation,2024-03-14,9
311,006L6D10A1WHHKT1YJ,Prospecting,2024-10-05,11
312,006HMLFZKICWMPEQYD,Prospecting,2023-10-01,4
313,006HMLFZKICWMPEQYD,Qualification,2023-10-05,9
314,006HMLFZKICWMPEQYD,Proposal,2023-10-14,27
315,006HMLFZKICWMPEQYD,Negotiation,2023-11-10,7
316,006HMLFZKICWMPEQYD,Closed Won,2023-11-17,0
317,006HMLFZKICWMPEQYD,Closed Lost,2023-11-17,0
318,006YQMLH13C71UD2ZD,Prospecting,2024-08-17,8
319,006W6OZX25QBRMQG1V,Prospecting,2024-08-09,7
320,006CKQVIIFRCHYP9UM,Prospecting,2024-03-23,9
321,006CKQVIIFRCHYP9UM,Qualification,2024-04-01,13
322,006CKQVIIFRCHYP9UM,Proposal,2024-04-14,21
323,006CKQVIIFRCHYP9UM,Negotiation,2024-05-05,26
324,006LDQLOVYV3LXCHFU,Prospecting,2023-08-24,7
325,006LDQLOVYV3LXCHFU,Qualification,2023-08-31,15
326,006LDQLOVYV3LXCHFU,Proposal,2023-09-15,16
327,006LDQLOVYV3LXCHFU,Negotiation,2023-10-01,35
328,006QH5K2Y77Z69UWS4,Prospecting,2024-09-23,11
329,006QH5K2Y77Z69UWS4,Qualification,2024-10-04,20
330,0063M55IZOLNNTXRGN,Prospecting,2024-05-30,9
331,0063M55IZOLNNTXRGN,Qualification,2024-06-08,9
332,0063M55IZOLNNTXRGN,Proposal,2024-06-17,22
333,0063M55IZOLNNTXRGN,Negotiation,2024-07-09,26
334,0063M55IZOLNNTXRGN,Closed Won,2024-08-04,0
335,0063M55IZOLNNTXRGN,Closed Lost,2024-08-04,0
336,006CAZRP9DXOQ2VPGS,Prospecting,2023-11-28,4
337,006CAZRP9DXOQ2VPGS,Qualification,2023-12-02,20
338,006CAZRP9DXOQ2VPGS,Proposal,2023-12-22,17
339,006CAZRP9DXOQ2VPGS,Negotiation,2024-01-08,39
340,006CAZRP9DXOQ2VPGS,Closed Won,2024-02-16,0
341,006CAZRP9DXOQ2VPGS,Closed Lost,2024-02-16,0
342,0064ISOTN9UZERYF09,Prospecting,2024-08-19,11
343,006WXYYTUW6TAQ6ULM,Prospecting,2023-10-22,12
344,006WXYYTUW6TAQ6ULM,Qualification,2023-11-03,7
345,006WXYYTUW6TAQ6ULM,Proposal,2023-11-10,15
346,006WXYYTUW6TAQ6ULM,Negotiation,2023-11-25,45
347,006WXYYTUW6TAQ6ULM,Closed Won,2024-01-09,0
348,006UCRGB93WKCS4KEK,Prospecting,2023-07-12,7
349,006UCRGB93WKCS4KEK,Qualification,2023-07-19,13
350,006UCRGB93WKCS4KEK,Proposal,2023-08-01,16
351,006NG2IGSB98V341ON,Prospecting,2024-11-25,12
352,006NG2IGSB98V341ON,Qualification,2024-12-07,12
353,006NG2IGSB98V341ON,Proposal,2024-12-19,17
354,0061EGOK01TNZRF5A7,Prospecting,2024-01-22,8
355,0061EGOK01TNZRF5A7,Qualification,2024-01-30,12
356,0061EGOK01TNZRF5A7,Proposal,2024-02-11,25
357,006W8P74MJDXO100VH,Prospecting,2024-04-08,6
358,006W8P74MJDXO100VH,Qualification,2024-04-14,16
359,006W8P74MJDXO100VH,Proposal,2024-04-30,16
360,006ADDQHKGAD7X48WZ,Prospecting,2024-08-09,6
361,006ADDQHKGAD7X48WZ,Qualification,2024-08-15,15
362,006ZJQ7W7JP61LFC1N,Prospecting,2024-12-30,11
363,006ZJQ7W7JP61LFC1N,Qualification,2025-01-10,18
364,006HOXDTPWDPJBC01A,Prospecting,2024-07-26,7
365,006Z6US7RP422TA83R,Prospecting,2024-10-01,7
366,0064M41KHT8XKODYR5,Prospecting,2024-11-07,12
367,0064M41KHT8XKODYR5,Qualification,2024-11-19,18
368,006N2XR838AMMZOHXS,Prospecting,2024-04-22,13
369,006RA6WIXAW63DW4C3,Prospecting,2024-09-01,13
370,006RA6WIXAW63DW4C3,Qualification,2024-09-14,11
371,006RA6WIXAW63DW4C3,Proposal,2024-09-25,26
372,006RA6WIXAW63DW4C3,Negotiation,2024-10-21,13
373,006RA6WIXAW63DW4C3,Closed Won,2024-11-03,0
374,00640OEYTL8HBGCJ1G,Prospecting,2024-06-25,15
375,0062WNF5CA7ZVKY2RE,Prospecting,2024-07-01,15
376,006BGR8W2MAIETDN1T,Prospecting,2024-02-22,14
377,006BGR8W2MAIETDN1T,Qualification,2024-03-07,14
378,0062Y8RGYBXKPM21B0,Prospecting,2024-10-26,6
379,0062Y8RGYBXKPM21B0,Qualification,2024-11-01,16
380,0062Y8RGYBXKPM21B0,Proposal,2024-11-17,29
381,006ZVLHYL2LD05NHQR,Prospecting,2024-11-26,11
382,006ZVLHYL2LD05NHQR,Qualification,2024-12-07,15
383,006ZW9HEYCE4QGM5V2,Prospecting,2023-10-28,6
384,006ZW9HEYCE4QGM5V2,Qualification,2023-11-03,19
385,006HRQAP5IPI7866PB,Prospecting,2024-11-07,12
386,00623QIUA08EKXDRKZ,Prospecting,2024-11-28,11
387,0065WZAWNYTK1ZWUHY,Prospecting,2024-09-05,5
388,0065WZAWNYTK1ZWUHY,Qualification,2024-09-10,8
389,0065WZAWNYTK1ZWUHY,Proposal,2024-09-18,30
390,0065WZAWNYTK1ZWUHY,Negotiation,2024-10-18,23
391,0065WZAWNYTK1ZWUHY,Closed Won,2024-11-10,0
392,006DNWNGUCZH9IER7U,Prospecting,2024-03-06,13
393,006DNWNGUCZH9IER7U,Qualification,2024-03-19,12
394,006DNWNGUCZH9IER7U,Proposal,2024-03-31,13
395,006DNWNGUCZH9IER7U,Negotiation,2024-04-13,43
396,006DNWNGUCZH9IER7U,Closed Won,2024-05-26,0
397,006JCMRSEZYTKW2837,Prospecting,2024-07-14,15
398,006JCMRSEZYTKW2837,Qualification,2024-07-29,15
399,006CFEFFH8AOY7RP0A,Prospecting,2024-09-25,5
400,006MXLVZ4QKE2GJR81,Prospecting,2023-09-07,13
401,006MXLVZ4QKE2GJR81,Qualification,2023-09-20,20
402,006MXLVZ4QKE2GJR81,Proposal,2023-10-10,18
403,006MXLVZ4QKE2GJR81,Negotiation,2023-10-28,20
404,006ZK94YXFIBLEJGUB,Prospecting,2024-06-14,9
405,006ZK94YXFIBLEJGUB,Qualification,2024-06-23,20
406,0067ORFQLA09LZRK79,Prospecting,2024-07-02,14
407,0067ORFQLA09LZRK79,Qualification,2024-07-16,13
408,006TLO4QDBXVH7KATQ,Prospecting,2024-09-09,12
409,006TLO4QDBXVH7KATQ,Qualification,2024-09-21,19
410,006TLO4QDBXVH7KATQ,Proposal,2024-10-10,24
411,006CYOZPNAMLQUH50O,Prospecting,2024-08-19,8
412,006CYOZPNAMLQUH50O,Qualification,2024-08-27,9
413,006VFK9SM7VNAWJGQU,Prospecting,2024-04-17,7
414,006VFK9SM7VNAWJGQU,Qualification,2024-04-24,7
415,006VFK9SM7VNAWJGQU,Proposal,2024-05-01,15
416,006KVR0I2FKXWEXKG6,Prospecting,2023-07-16,4
417,006UU5WRYESU4FCL5E,Prospecting,2024-03-16,9
418,006UU5WRYESU4FCL5E,Qualification,2024-03-25,17
419,006T7S1GD1T53YKYYD,Prospecting,2024-03-11,3
420,006T7S1GD1T53YKYYD,Qualification,2024-03-14,7
421,0067FHS32UY84ZZ2P6,Prospecting,2023-02-04,6
422,0067FHS32UY84ZZ2P6,Qualification,2023-02-10,13
423,0066V1MZB3I4FIEECY,Prospecting,2023-05-25,10
424,0066V1MZB3I4FIEECY,Qualification,2023-06-04,19
425,0062SCEJCY127H6GMD,Prospecting,2024-05-14,11
426,0062SCEJCY127H6GMD,Qualification,2024-05-25,13
427,0062SCEJCY127H6GMD,Proposal,2024-06-07,23
428,0062SCEJCY127H6GMD,Negotiation,2024-06-30,41
429,006UDUAHGK6T9DHSZN,Prospecting,2024-07-24,9
430,006SO1LQSRNKZCRNQ0,Prospecting,2024-09-06,6
431,006627NAYYOSYEOZ90,Prospecting,2024-06-04,7
432,00640KZUJ2XORVORK1,Prospecting,2024-05-16,3
433,00640KZUJ2XORVORK1,Qualification,2024-05-19,18
434,00603RAGVLKW1XSRQK,Prospecting,2024-03-09,13
435,00603RAGVLKW1XSRQK,Qualification,2024-03-22,20
436,006195EQ4PBGX25FPL,Prospecting,2024-11-22,12
437,006195EQ4PBGX25FPL,Qualification,2024-12-04,8
438,006UR4SOR8WM9LBB4M,Prospecting,2024-12-01,10
439,006UR4SOR8WM9LBB4M,Qualification,2024-12-11,18
440,006UR4SOR8WM9LBB4M,Proposal,2024-12-29,19
441,006CIILDY5EGTBXPSP,Prospecting,2024-02-22,8
442,006LDRYHR3YFK8HW9C,Prospecting,2024-05-03,4
443,006W8ZUVJUTPMC3SKX,Prospecting,2024-03-24,5
444,006T5WSGRX37JW3467,Prospecting,2024-03-03,5
445,00614O46W4JKFYIIFA,Prospecting,2023-12-07,4
446,00614O46W4JKFYIIFA,Qualification,2023-12-11,16
447,006BFEJ2XG48RA4DV5,Prospecting,2024-07-17,15
448,006BFEJ2XG48RA4DV5,Qualification,2024-08-01,6
449,006BFEJ2XG48RA4DV5,Proposal,2024-08-07,8
450,006BFEJ2XG48RA4DV5,Negotiation,2024-08-15,9
451,006BFEJ2XG48RA4DV5,Closed Won,2024-08-24,0
452,006BFEJ2XG48RA4DV5,Closed Lost,2024-08-24,0
453,006USEXU1SRDV1L303,Prospecting,2024-05-01,7
454,006USEXU1SRDV1L303,Qualification,2024-05-08,8
455,006USEXU1SRDV1L303,Proposal,2024-05-16,24
456,006USEXU1SRDV1L303,Negotiation,2024-06-09,39
457,006USEXU1SRDV1L303,Closed Won,2024-07-18,0
458,006JVRN8LPY857NZ3A,Prospecting,2023-10-27,7
459,006L8N3E54N6O9JD3I,Prospecting,2024-08-05,5
460,006L8N3E54N6O9JD3I,Qualification,2024-08-10,8
461,006L8N3E54N6O9JD3I,Proposal,2024-08-18,30
462,006C2R07LP7DFJCP0T,Prospecting,2024-08-18,13
463,006C2R07LP7DFJCP0T,Qualification,2024-08-31,18
464,006XAHKUDIZ1XEVO7Q,Prospecting,2024-11-10,6
465,006XAHKUDIZ1XEVO7Q,Qualification,2024-11-16,6
466,006XAHKUDIZ1XEVO7Q,Proposal,2024-11-22,28
467,006XAHKUDIZ1XEVO7Q,Negotiation,2024-12-20,41
468,006OG585I87XW69HZG,Prospecting,2024-04-22,3
469,006OG585I87XW69HZG,Qualification,2024-04-25,5
470,006OG585I87XW69HZG,Proposal,2024-04-30,10
471,006UAS173RIH83J0NP,Prospecting,2024-08-27,8
472,0062B9IQIUXDQ59OHN,Prospecting,2023-12-14,12
473,0062B9IQIUXDQ59OHN,Qualification,2023-12-26,13
474,0062B9IQIUXDQ59OHN,Proposal,2024-01-08,16
475,0067QMVY2Z3ASN9YE6,Prospecting,2024-11-18,9
476,006ELTFEBE5407K5W1,Prospecting,2023-11-18,6
477,006R8U7WPGBGQFQE6R,Prospecting,2024-02-17,6
478,006R8U7WPGBGQFQE6R,Qualification,2024-02-23,12
479,006R8U7WPGBGQFQE6R,Proposal,2024-03-06,26
480,006R8U7WPGBGQFQE6R,Negotiation,2024-04-01,43
481,006R8U7WPGBGQFQE6R,Closed Won,2024-05-14,0
482,0065ED5GGSJ6VV8SUO,Prospecting,2024-10-21,12
483,0065ED5GGSJ6VV8SUO,Qualification,2024-11-02,13
484,0069EN7DLBQZRWJXLB,Prospecting,2024-12-08,11
485,0060TVDJI1OAHNOX8F,Prospecting,2023-11-03,8
486,0060TVDJI1OAHNOX8F,Qualification,2023-11-11,12
487,0060TVDJI1OAHNOX8F,Proposal,2023-11-23,11
488,0060TVDJI1OAHNOX8F,Negotiation,2023-12-04,6
489,006X3SR5RUP13WPPBM,Prospecting,2024-10-17,11
490,006X3SR5RUP13WPPBM,Qualification,2024-10-28,15
491,006X3SR5RUP13WPPBM,Proposal,2024-11-12,14
492,006X3SR5RUP13WPPBM,Negotiation,2024-11-26,15
493,006X3SR5RUP13WPPBM,Closed Won,2024-12-11,0
494,006XDQC2K9YKIPUT7S,Prospecting,2023-12-23,15
495,006XDQC2K9YKIPUT7S,Qualification,2024-01-07,17
496,006XDQC2K9YKIPUT7S,Proposal,2024-01-24,13
497,006V1A0Q24BOZL01Q3,Prospecting,2023-10-19,11
498,006V1A0Q24BOZL01Q3,Qualification,2023-10-30,5
499,006V1A0Q24BOZL01Q3,Proposal,2023-11-04,12
500,006DTAEGRY58VRW9MY,Prospecting,2024-03-07,4
501,006ZGARFI44TD1FPE6,Prospecting,2024-03-22,12
502,006U4BAWZ940VTKRRV,Prospecting,2024-06-30,14
503,006U4BAWZ940VTKRRV,Qualification,2024-07-14,13
504,006U4BAWZ940VTKRRV,Proposal,2024-07-27,22
505,006U4BAWZ940VTKRRV,Negotiation,2024-08-18,12
506,006JX6EWXQPF0QPSVY,Prospecting,2023-07-20,4
507,00624WK0YEHVDO9KHB,Prospecting,2024-05-11,6
508,00624WK0YEHVDO9KHB,Qualification,2024-05-17,18
509,00624WK0YEHVDO9KHB,Proposal,2024-06-04,14
510,00624WK0YEHVDO9KHB,Negotiation,2024-06-18,20
511,00624WK0YEHVDO9KHB,Closed Won,2024-07-08,0
512,00624WK0YEHVDO9KHB,Closed Lost,2024-07-08,0
513,0066BCPWEIJMMB5JFY,Prospecting,2024-12-23,10
514,0066BCPWEIJMMB5JFY,Qualification,2025-01-02,10
515,006V4DUSGEHN0Z1R5F,Prospecting,2023-10-05,5
516,006V4DUSGEHN0Z1R5F,Qualification,2023-10-10,12
517,006V4DUSGEHN0Z1R5F,Proposal,2023-10-22,15
518,006V4DUSGEHN0Z1R5F,Negotiation,2023-11-06,11
519,006A4RKGJZOWI1T2EP,Prospecting,2024-03-25,3
520,006A4RKGJZOWI1T2EP,Qualification,2024-03-28,12
521,006A4RKGJZOWI1T2EP,Proposal,2024-04-09,28
522,006A4RKGJZOWI1T2EP,Negotiation,2024-05-07,24
523,0061ZSCMO1POB7FU99,Prospecting,2024-12-31,9
524,0061ZSCMO1POB7FU99,Qualification,2025-01-09,17
525,0061ZSCMO1POB7FU99,Proposal,2025-01-26,21
526,0061ZSCMO1POB7FU99,Negotiation,2025-02-16,18
527,006AKT7ZQHT2XZ52OH,Prospecting,2024-08-17,6
528,006AKT7ZQHT2XZ52OH,Qualification,2024-08-23,8
529,006AKT7ZQHT2XZ52OH,Proposal,2024-08-31,9
530,006KDTS1FB2VI109DC,Prospecting,2024-05-19,9
531,006KDTS1FB2VI109DC,Qualification,2024-05-28,19
532,0060Q929U6WTVMK2ZY,Prospecting,2024-11-27,10
533,006NDZ3CC5RQNSVSOJ,Prospecting,2023-11-29,5
534,006NDZ3CC5RQNSVSOJ,Qualification,2023-12-04,17
535,006FEZEZ5EHR07N8VO,Prospecting,2024-07-06,12
536,006FEZEZ5EHR07N8VO,Qualification,2024-07-18,17
537,006FEZEZ5EHR07N8VO,Proposal,2024-08-04,7
538,006NKBF2P7KKG0ATCB,Prospecting,2024-03-28,11
539,006NKBF2P7KKG0ATCB,Qualification,2024-04-08,13
540,006ZV1SQQQ5L2XOIOT,Prospecting,2024-04-19,6
541,006ZV1SQQQ5L2XOIOT,Qualification,2024-04-25,20
542,0062ZUEUGWUBUGR6E7,Prospecting,2024-04-19,9
543,006TLVR7MGATND9TKG,Prospecting,2024-01-07,15
544,006GZKDF6J76BIVISS,Prospecting,2024-07-22,11
545,006GZKDF6J76BIVISS,Qualification,2024-08-02,15
546,006GZKDF6J76BIVISS,Proposal,2024-08-17,17
547,006OI5J8YIT2KODWH8,Prospecting,2023-05-15,3
548,006OI5J8YIT2KODWH8,Qualification,2023-05-18,20
549,006AQ3K8A7RV4NMWVS,Prospecting,2023-07-13,11
550,006AQ3K8A7RV4NMWVS,Qualification,2023-07-24,17
551,0063095HS258W9ZJXL,Prospecting,2024-09-17,10
552,006AR6YO6Z1T2XCB3Y,Prospecting,2024-04-04,12
553,006AR6YO6Z1T2XCB3Y,Qualification,2024-04-16,11
554,006AR6YO6Z1T2XCB3Y,Proposal,2024-04-27,18
555,006AR6YO6Z1T2XCB3Y,Negotiation,2024-05-15,14
556,006AR6YO6Z1T2XCB3Y,Closed Won,2024-05-29,0
557,0061ZAQ7QHAK7MDWKZ,Prospecting,2024-10-21,14
558,0061ZAQ7QHAK7MDWKZ,Qualification,2024-11-04,7
559,0061ZAQ7QHAK7MDWKZ,Proposal,2024-11-11,26
560,0061ZAQ7QHAK7MDWKZ,Negotiation,2024-12-07,29
561,0069WDJSGG0YVGV0E7,Prospecting,2024-04-01,5
562,006Y5APYX4L4OESRSB,Prospecting,2024-05-09,15
563,006Y5APYX4L4OESRSB,Qualification,2024-05-24,17
564,006Y5APYX4L4OESRSB,Proposal,2024-06-10,13
565,006Y5APYX4L4OESRSB,Negotiation,2024-06-23,18
566,006M539IY87HLCWBPA,Prospecting,2024-02-17,8
567,006M539IY87HLCWBPA,Qualification,2024-02-25,16
568,006SICVPDQE97N6Y2C,Prospecting,2024-01-05,9
569,006SICVPDQE97N6Y2C,Qualification,2024-01-14,13
570,006UKND1IVXAN25WM7,Prospecting,2024-03-11,6
571,006UKND1IVXAN25WM7,Qualification,2024-03-17,14
572,006UKND1IVXAN25WM7,Proposal,2024-03-31,14
573,006ZV46ESMRWGEBEVS,Prospecting,2024-09-26,9
574,006ZV46ESMRWGEBEVS,Qualification,2024-10-05,20
575,006ZV46ESMRWGEBEVS,Proposal,2024-10-25,7
576,006NAVYCS44PHH62MY,Prospecting,2024-12-18,13
577,006LD56R7WYQHR133N,Prospecting,2024-05-28,12
578,006LD56R7WYQHR133N,Qualification,2024-06-09,12
579,006LD56R7WYQHR133N,Proposal,2024-06-21,27
580,006FPW6M9HKHJG4IHG,Prospecting,2023-06-14,14
581,006KI3X79955CF72GN,Prospecting,2023-12-03,4
582,0061V4KFIWKESVR022,Prospecting,2024-10-28,10
583,0061V4KFIWKESVR022,Qualification,2024-11-07,5
584,0061V4KFIWKESVR022,Proposal,2024-11-12,19
585,0061V4KFIWKESVR022,Negotiation,2024-12-01,41
586,0061V4KFIWKESVR022,Closed Won,2025-01-11,0
587,0061V4KFIWKESVR022,Closed Lost,2025-01-11,0
588,006QLNZZRJO7VBHH5O,Prospecting,2024-10-11,8
589,006QLNZZRJO7VBHH5O,Qualification,2024-10-19,16
590,006QLNZZRJO7VBHH5O,Proposal,2024-11-04,19
591,006QLNZZRJO7VBHH5O,Negotiation,2024-11-23,6
592,006EDQMVQWPQO2LNGI,Prospecting,2024-06-23,10
593,00627DCBHHLK3YJZ99,Prospecting,2023-04-01,9
594,00627DCBHHLK3YJZ99,Qualification,2023-04-10,19
595,00627DCBHHLK3YJZ99,Proposal,2023-04-29,20
596,00627DCBHHLK3YJZ99,Negotiation,2023-05-19,10
597,0061AX985I0HIVTQ3M,Prospecting,2023-11-09,9
598,0061AX985I0HIVTQ3M,Qualification,2023-11-18,13
599,0061AX985I0HIVTQ3M,Proposal,2023-12-01,18
600,0061AX985I0HIVTQ3M,Negotiation,2023-12-19,19
601,0064BF5L0RXMIP11YK,Prospecting,2024-12-13,7
602,0064BF5L0RXMIP11YK,Qualification,2024-12-20,16
603,006VV59HOTGDUQ6DDT,Prospecting,2023-09-05,7
604,006NHKSQNAL6O9EP0O,Prospecting,2024-07-10,10
605,0067VSYJAFCO3S65QU,Prospecting,2024-05-19,5
606,0067VSYJAFCO3S65QU,Qualification,2024-05-24,10
607,0063GI60Q6GUO8I5JW,Prospecting,2024-09-17,6
608,0063GI60Q6GUO8I5JW,Qualification,2024-09-23,11
609,0063GI60Q6GUO8I5JW,Proposal,2024-10-04,8
610,0061EN1S2OFHBAWYQM,Prospecting,2024-04-12,9
611,0061EN1S2OFHBAWYQM,Qualification,2024-04-21,16
612,0061EN1S2OFHBAWYQM,Proposal,2024-05-07,8
613,0060RCTI8F34GADKTO,Prospecting,2024-05-23,15
614,006HBYHZ43XZ6OLBA1,Prospecting,2024-10-22,6
615,006HBYHZ43XZ6OLBA1,Qualification,2024-10-28,7
616,006HBYHZ43XZ6OLBA1,Proposal,2024-11-04,29
617,006A3YC8D4X0BS3LWW,Prospecting,2024-06-05,5
618,006OLOQC3XNCHKV9DT,Prospecting,2024-02-02,4
619,0069YLW5L4RMVVNXIV,Prospecting,2023-10-24,12
620,0069YLW5L4RMVVNXIV,Qualification,2023-11-05,6
621,006PICERHNXI09P5EL,Prospecting,2024-03-19,7
622,006PICERHNXI09P5EL,Qualification,2024-03-26,7
623,006PICERHNXI09P5EL,Proposal,2024-04-02,23
624,006PICERHNXI09P5EL,Negotiation,2024-04-25,21
625,0060MHB792ZI5SGWCR,Prospecting,2024-10-05,10
626,0060MHB792ZI5SGWCR,Qualification,2024-10-15,9
627,0060MHB792ZI5SGWCR,Proposal,2024-10-24,16
628,006V37IC0LZIGIKQWJ,Prospecting,2024-09-09,5
629,006V37IC0LZIGIKQWJ,Qualification,2024-09-14,18
630,006V37IC0LZIGIKQWJ,Proposal,2024-10-02,15
631,006V37IC0LZIGIKQWJ,Negotiation,2024-10-17,16
632,006V37IC0LZIGIKQWJ,Closed Won,2024-11-02,0
633,006S0132AN417VF0JQ,Prospecting,2024-12-30,6
634,006S0132AN417VF0JQ,Qualification,2025-01-05,18
635,006QFGAS0R778NRXVO,Prospecting,2024-02-10,7
636,006QFGAS0R778NRXVO,Qualification,2024-02-17,10
637,006QFGAS0R778NRXVO,Proposal,2024-02-27,23
638,0061MZWNCNPIR7NZBX,Prospecting,2024-08-12,4
639,006V84A1X7OV6SGP3J,Prospecting,2024-10-28,6
640,006V84A1X7OV6SGP3J,Qualification,2024-11-03,7
641,006V84A1X7OV6SGP3J,Proposal,2024-11-10,26
642,006V84A1X7OV6SGP3J,Negotiation,2024-12-06,8
643,006V84A1X7OV6SGP3J,Closed Won,2024-12-14,0
644,006O50DW1MF07OL93A,Prospecting,2024-10-13,12
645,006O50DW1MF07OL93A,Qualification,2024-10-25,10
646,006O50DW1MF07OL93A,Proposal,2024-11-04,16
647,006O50DW1MF07OL93A,Negotiation,2024-11-20,40
648,006O50DW1MF07OL93A,Closed Won,2024-12-30,0
649,006NZHG8Q3GCG1J6OW,Prospecting,2024-07-08,10
650,006NZHG8Q3GCG1J6OW,Qualification,2024-07-18,18
651,006MVRYDC1AU9DSAV9,Prospecting,2023-11-05,5
652,006MLINOV953A5O47A,Prospecting,2024-05-05,6
653,006MLINOV953A5O47A,Qualification,2024-05-11,5
654,006MLINOV953A5O47A,Proposal,2024-05-16,13
655,006Y5SXAW7LW580YIR,Prospecting,2024-02-01,12
656,006Y5SXAW7LW580YIR,Qualification,2024-02-13,7
657,006Y5SXAW7LW580YIR,Proposal,2024-02-20,9
658,006Y5SXAW7LW580YIR,Negotiation,2024-02-29,11
659,006KHFSU4SE2KYT5GQ,Prospecting,2024-07-15,7
660,006KHFSU4SE2KYT5GQ,Qualification,2024-07-22,10
661,006KHFSU4SE2KYT5GQ,Proposal,2024-08-01,24
662,006KHFSU4SE2KYT5GQ,Negotiation,2024-08-25,12
663,006KHFSU4SE2KYT5GQ,Closed Won,2024-09-06,0
664,006KHFSU4SE2KYT5GQ,Closed Lost,2024-09-06,0
665,006XDPZF761HJR6EET,Prospecting,2024-11-02,15
666,006VXNZ0NXU43IEDD0,Prospecting,2024-12-25,10
667,006VXNZ0NXU43IEDD0,Qualification,2025-01-04,16
668,006VXNZ0NXU43IEDD0,Proposal,2025-01-20,30
669,006VXNZ0NXU43IEDD0,Negotiation,2025-02-19,16
670,006VXNZ0NXU43IEDD0,Closed Won,2025-03-07,0
671,006ACT49LNY2SVHOTQ,Prospecting,2023-07-10,5
672,006ACT49LNY2SVHOTQ,Qualification,2023-07-15,10
673,006043BLSYJ4UWHK8C,Prospecting,2023-08-29,6
674,006043BLSYJ4UWHK8C,Qualification,2023-09-04,5
675,006043BLSYJ4UWHK8C,Proposal,2023-09-09,17
676,0060K36FAOPRMOC0K7,Prospecting,2023-11-22,5
677,0060K36FAOPRMOC0K7,Qualification,2023-11-27,13
678,0060K36FAOPRMOC0K7,Proposal,2023-12-10,23
679,006ZQFEZKFH00A0UY9,Prospecting,2024-01-19,3
680,006ZQFEZKFH00A0UY9,Qualification,2024-01-22,6
681,006ZQFEZKFH00A0UY9,Proposal,2024-01-28,19
682,006ZQFEZKFH00A0UY9,Negotiation,2024-02-16,13
683,006R8ESMPF0IEOKVG0,Prospecting,2024-09-23,5
684,006R8ESMPF0IEOKVG0,Qualification,2024-09-28,6
685,006R8ESMPF0IEOKVG0,Proposal,2024-10-04,22
686,006R8ESMPF0IEOKVG0,Negotiation,2024-10-26,14
687,006ECRYSAUUJ02GRXP,Prospecting,2024-11-29,5
688,006ECRYSAUUJ02GRXP,Qualification,2024-12-04,12
689,006ZO32TC4T3X1HXE5,Prospecting,2024-05-29,12
690,006ZO32TC4T3X1HXE5,Qualification,2024-06-10,16
691,006ZO32TC4T3X1HXE5,Proposal,2024-06-26,25
692,006FU4B9SNTP8AK8S2,Prospecting,2024-09-22,15
693,006SYXBBF4HETVJ0PT,Prospecting,2024-07-19,7
694,006SYXBBF4HETVJ0PT,Qualification,2024-07-26,19
695,006SYXBBF4HETVJ0PT,Proposal,2024-08-14,14
696,0067FHWJWXZUXSF3L2,Prospecting,2024-10-10,10
697,0067FHWJWXZUXSF3L2,Qualification,2024-10-20,10
698,006TCXNMJ5IAN8ND7G,Prospecting,2024-11-25,14
699,006V6G8OM08TV4REAS,Prospecting,2024-10-09,4
700,006V6G8OM08TV4REAS,Qualification,2024-10-13,12
701,006XN1YPQPMQK8SZ7I,Prospecting,2023-11-21,5
702,006XN1YPQPMQK8SZ7I,Qualification,2023-11-26,6
703,0068FC0TR58PS0RS95,Prospecting,2024-09-22,4
704,0068FC0TR58PS0RS95,Qualification,2024-09-26,17
705,0068FC0TR58PS0RS95,Proposal,2024-10-13,11
706,0068FC0TR58PS0RS95,Negotiation,2024-10-24,5
707,0060I0835TVV8Y5SIC,Prospecting,2024-04-25,7
708,006E6IT1EKKH0UHK7X,Prospecting,2024-04-16,10
709,006E6IT1EKKH0UHK7X,Qualification,2024-04-26,20
710,006MA6GMDRDSFERFXI,Prospecting,2024-10-01,13
711,006MA6GMDRDSFERFXI,Qualification,2024-10-14,17
712,006DP4FMPM5HGBO06F,Prospecting,2024-09-18,11
713,006DP4FMPM5HGBO06F,Qualification,2024-09-29,17
714,006T2ZL15S74NDDAFS,Prospecting,2024-12-23,11
715,006T2ZL15S74NDDAFS,Qualification,2025-01-03,19
716,006T2ZL15S74NDDAFS,Proposal,2025-01-22,27
717,006T2ZL15S74NDDAFS,Negotiation,2025-02-18,38
718,006T2ZL15S74NDDAFS,Closed Won,2025-03-28,0
719,006T2ZL15S74NDDAFS,Closed Lost,2025-03-28,0
720,006KR1IFSI159I3HZ3,Prospecting,2024-07-24,8
721,006KR1IFSI159I3HZ3,Qualification,2024-08-01,17
722,006KR1IFSI159I3HZ3,Proposal,2024-08-18,15
723,006KR1IFSI159I3HZ3,Negotiation,2024-09-02,38
724,006KR1IFSI159I3HZ3,Closed Won,2024-10-10,0
725,006KR1IFSI159I3HZ3,Closed Lost,2024-10-10,0
726,006B97PWDBOLWIMRSX,Prospecting,2024-11-12,9
727,006B97PWDBOLWIMRSX,Qualification,2024-11-21,10
728,006B97PWDBOLWIMRSX,Proposal,2024-12-01,23
729,0066GAXLKKVPJRMEYY,Prospecting,2024-01-21,10
730,006IJVDDWVB853GQD7,Prospecting,2024-03-12,5
731,006IJVDDWVB853GQD7,Qualification,2024-03-17,6
732,006IJVDDWVB853GQD7,Proposal,2024-03-23,13
733,006PZ614UMNWEPRS82,Prospecting,2024-11-11,4
734,006PZ614UMNWEPRS82,Qualification,2024-11-15,16
735,006U2Y0OY58F1N2OJG,Prospecting,2024-01-06,7
736,006U2Y0OY58F1N2OJG,Qualification,2024-01-13,8
737,006U2Y0OY58F1N2OJG,Proposal,2024-01-21,26
738,006U2Y0OY58F1N2OJG,Negotiation,2024-02-16,31
739,006U2Y0OY58F1N2OJG,Closed Won,2024-03-18,0
740,006U2Y0OY58F1N2OJG,Closed Lost,2024-03-18,0
741,006ZJ4KJEITKX7JE5B,Prospecting,2024-01-16,9
742,006ZJ4KJEITKX7JE5B,Qualification,2024-01-25,17
743,006ZJ4KJEITKX7JE5B,Proposal,2024-02-11,16
744,006NCZTZOWLC33H8G8,Prospecting,2024-08-23,8
745,006T3HJU31FI0N6DGG,Prospecting,2024-12-05,3
746,006T3HJU31FI0N6DGG,Qualification,2024-12-08,15
747,006AFGOVCCI68DS03V,Prospecting,2024-11-02,10
748,006AFGOVCCI68DS03V,Qualification,2024-11-12,11
749,006AFGOVCCI68DS03V,Proposal,2024-11-23,7
750,006AFGOVCCI68DS03V,Negotiation,2024-11-30,18
751,006AFGOVCCI68DS03V,Closed Won,2024-12-18,0
752,006DFWA88D0MZHRUPF,Prospecting,2024-02-14,9
753,006DFWA88D0MZHRUPF,Qualification,2024-02-23,9
754,006DFWA88D0MZHRUPF,Proposal,2024-03-03,21
755,006DFWA88D0MZHRUPF,Negotiation,2024-03-24,42
756,006ABTD5OAIINMK7YY,Prospecting,2024-02-07,15
757,006MM7DBFPMGP6YWK5,Prospecting,2024-01-04,15
758,006592FFQ293EP0FLE,Prospecting,2024-07-22,14
759,006592FFQ293EP0FLE,Qualification,2024-08-05,9
760,006592FFQ293EP0FLE,Proposal,2024-08-14,27
761,006592FFQ293EP0FLE,Negotiation,2024-09-10,24
762,006592FFQ293EP0FLE,Closed Won,2024-10-04,0
763,006M2XIPRTT3NUPUY0,Prospecting,2024-05-07,9
764,006M2XIPRTT3NUPUY0,Qualification,2024-05-16,12
765,00687CM453KF486I3C,Prospecting,2024-08-01,5
766,006ZXC45BNCCU3FG00,Prospecting,2024-08-27,3
767,006CXVGFOP8QZJULI7,Prospecting,2024-06-15,6
768,006CXVGFOP8QZJULI7,Qualification,2024-06-21,19
769,006OCO39VCYRXONBNP,Prospecting,2024-10-05,7
770,006OCO39VCYRXONBNP,Qualification,2024-10-12,20
771,006OCO39VCYRXONBNP,Proposal,2024-11-01,19
772,006OCO39VCYRXONBNP,Negotiation,2024-11-20,34
773,006OCO39VCYRXONBNP,Closed Won,2024-12-24,0
774,006OCO39VCYRXONBNP,Closed Lost,2024-12-24,0
775,006FDHA6GH7IDUB9RB,Prospecting,2023-04-20,14
776,006FDHA6GH7IDUB9RB,Qualification,2023-05-04,19
777,006109ZDO0D3FVNV4K,Prospecting,2023-07-02,8
778,006109ZDO0D3FVNV4K,Qualification,2023-07-10,11
779,006109ZDO0D3FVNV4K,Proposal,2023-07-21,21
780,006109ZDO0D3FVNV4K,Negotiation,2023-08-11,13
781,006IHYFZ9S9VS1QEKW,Prospecting,2024-04-25,9
782,006IHYFZ9S9VS1QEKW,Qualification,2024-05-04,6
783,006IHYFZ9S9VS1QEKW,Proposal,2024-05-10,14
784,006IHYFZ9S9VS1QEKW,Negotiation,2024-05-24,14
785,006IHYFZ9S9VS1QEKW,Closed Won,2024-06-07,0
786,006FWR2F5T82DDL7FK,Prospecting,2024-09-02,13
787,00691P778RNKOWYPSW,Prospecting,2024-03-03,4
788,0069B9C2ZUFDNU4I5Y,Prospecting,2023-07-14,7
789,0069B9C2ZUFDNU4I5Y,Qualification,2023-07-21,16
790,0060771HLL9RZRKBFQ,Prospecting,2024-11-05,3
791,0060771HLL9RZRKBFQ,Qualification,2024-11-08,16
792,006329HHA1PJGFJC5Q,Prospecting,2024-10-08,10
793,006329HHA1PJGFJC5Q,Qualification,2024-10-18,17
794,006329HHA1PJGFJC5Q,Proposal,2024-11-04,27
795,006329HHA1PJGFJC5Q,Negotiation,2024-12-01,32
796,006329HHA1PJGFJC5Q,Closed Won,2025-01-02,0
797,006329HHA1PJGFJC5Q,Closed Lost,2025-01-02,0
798,006D6M1FMPRYFZMYOA,Prospecting,2023-10-23,4
799,006D6M1FMPRYFZMYOA,Qualification,2023-10-27,14
800,006D6M1FMPRYFZMYOA,Proposal,2023-11-10,18
801,006D6M1FMPRYFZMYOA,Negotiation,2023-11-28,37
802,006D6M1FMPRYFZMYOA,Closed Won,2024-01-04,0
803,006QF5E8OSAQ3EQ8DH,Prospecting,2023-10-16,11
804,006QF5E8OSAQ3EQ8DH,Qualification,2023-10-27,20
805,006QF5E8OSAQ3EQ8DH,Proposal,2023-11-16,8
806,006HGY8NNKL3ER9OM3,Prospecting,2024-08-22,10
807,006HGY8NNKL3ER9OM3,Qualification,2024-09-01,7
808,006HGY8NNKL3ER9OM3,Proposal,2024-09-08,18
809,006HGY8NNKL3ER9OM3,Negotiation,2024-09-26,26
810,006GVTN4YPKW7493DX,Prospecting,2024-03-06,6
811,006GVTN4YPKW7493DX,Qualification,2024-03-12,14
812,006GVTN4YPKW7493DX,Proposal,2024-03-26,23
813,006GVTN4YPKW7493DX,Negotiation,2024-04-18,15
814,006GVTN4YPKW7493DX,Closed Won,2024-05-03,0
815,006S3Y4H1TE48M2Q6X,Prospecting,2024-08-03,3
816,006S3Y4H1TE48M2Q6X,Qualification,2024-08-06,8
817,006S3Y4H1TE48M2Q6X,Proposal,2024-08-14,11
818,006S3Y4H1TE48M2Q6X,Negotiation,2024-08-25,40
819,006S3Y4H1TE48M2Q6X,Closed Won,2024-10-04,0
820,00666YA6BA24S0LGUP,Prospecting,2024-06-30,7
821,00666YA6BA24S0LGUP,Qualification,2024-07-07,6
822,006W9G6SPD2SW24WJT,Prospecting,2024-07-05,3
823,006W9G6SPD2SW24WJT,Qualification,2024-07-08,11
824,006W9G6SPD2SW24WJT,Proposal,2024-07-19,27
825,006W9G6SPD2SW24WJT,Negotiation,2024-08-15,38
826,006FWT9UA09W1GXHG4,Prospecting,2023-06-24,8
827,00695D7EFJGC46HD2O,Prospecting,2023-07-28,3
828,006QFK6XW4EMM9VASJ,Prospecting,2023-09-02,10
829,006QFK6XW4EMM9VASJ,Qualification,2023-09-12,17
830,006QFK6XW4EMM9VASJ,Proposal,2023-09-29,17
831,006HN6BEDYEJHDZXQ3,Prospecting,2024-10-22,15
832,006HN6BEDYEJHDZXQ3,Qualification,2024-11-06,19
833,006D2VFHZPQVJLDNHM,Prospecting,2024-07-04,8
834,006K3X8MBGL2MCXN2E,Prospecting,2023-12-01,12
835,006K3X8MBGL2MCXN2E,Qualification,2023-12-13,15
836,006K3X8MBGL2MCXN2E,Proposal,2023-12-28,16
837,006K3X8MBGL2MCXN2E,Negotiation,2024-01-13,28
838,006K3X8MBGL2MCXN2E,Closed Won,2024-02-10,0
839,006K3X8MBGL2MCXN2E,Closed Lost,2024-02-10,0
840,006UNVSDKV54C6P1LL,Prospecting,2023-11-25,3
841,006QVVIAA2UAQE8BTS,Prospecting,2024-12-25,15
842,006QVVIAA2UAQE8BTS,Qualification,2025-01-09,8
843,0061OULWOZQ48ENWBB,Prospecting,2023-11-20,10
844,0061OULWOZQ48ENWBB,Qualification,2023-11-30,20
845,006G6N6975J2D8CLW3,Prospecting,2023-10-29,9
846,006G6N6975J2D8CLW3,Qualification,2023-11-07,6
847,006G6N6975J2D8CLW3,Proposal,2023-11-13,28
848,006G6N6975J2D8CLW3,Negotiation,2023-12-11,40
849,006FV46WYSIRRK1RD1,Prospecting,2023-11-29,14
850,006FV46WYSIRRK1RD1,Qualification,2023-12-13,7
851,006FV46WYSIRRK1RD1,Proposal,2023-12-20,11
852,006RHYQNRM31SL7ZX4,Prospecting,2024-07-31,9
853,006RHYQNRM31SL7ZX4,Qualification,2024-08-09,15
854,006RHYQNRM31SL7ZX4,Proposal,2024-08-24,28
855,0062GKFL5XF50I6GBX,Prospecting,2024-06-29,14
856,0062GKFL5XF50I6GBX,Qualification,2024-07-13,19
857,006HOPMPNBN7GGGJVS,Prospecting,2024-01-19,14
858,006HOPMPNBN7GGGJVS,Qualification,2024-02-02,13
859,006HOPMPNBN7GGGJVS,Proposal,2024-02-15,11
860,006HOPMPNBN7GGGJVS,Negotiation,2024-02-26,14
861,006HOPMPNBN7GGGJVS,Closed Won,2024-03-11,0
862,0066UITJ5ZOOH3YRGH,Prospecting,2023-12-28,15
863,006ZRK6ILCG6FARMGJ,Prospecting,2024-12-20,6
864,006ZRK6ILCG6FARMGJ,Qualification,2024-12-26,7
865,006ZRK6ILCG6FARMGJ,Proposal,2025-01-02,26
866,0065RBAYKIS11D2MRM,Prospecting,2024-10-30,9
867,0065RBAYKIS11D2MRM,Qualification,2024-11-08,13
868,0065RBAYKIS11D2MRM,Proposal,2024-11-21,19
869,006MSX54RJSXFOH9MB,Prospecting,2024-08-29,6
870,006MSX54RJSXFOH9MB,Qualification,2024-09-04,6
871,0065Y6Q8SJY5OP9LBS,Prospecting,2023-12-24,3
872,0068RYQF8WXKK2ABKV,Prospecting,2023-10-21,7
873,0068RYQF8WXKK2ABKV,Qualification,2023-10-28,5
874,0068RYQF8WXKK2ABKV,Proposal,2023-11-02,11
875,0068RYQF8WXKK2ABKV,Negotiation,2023-11-13,17
876,006MK4X1FDJ9HVCHRM,Prospecting,2024-03-25,9
877,006MK4X1FDJ9HVCHRM,Qualification,2024-04-03,11
878,006GP52F1JOHKK7QG2,Prospecting,2024-08-21,9
879,006GP52F1JOHKK7QG2,Qualification,2024-08-30,9
880,006GP52F1JOHKK7QG2,Proposal,2024-09-08,20
881,006GP52F1JOHKK7QG2,Negotiation,2024-09-28,40
882,006GP52F1JOHKK7QG2,Closed Won,2024-11-07,0
883,006ZQPPOAU8P1WKISE,Prospecting,2023-09-08,12
884,006ZQPPOAU8P1WKISE,Qualification,2023-09-20,13
885,0065QBB3XMDKRLC0Y0,Prospecting,2024-10-04,6
886,006Y4KL9ARYEAVEDHR,Prospecting,2024-03-28,3
887,0064T3Y4WPWG3XG0TR,Prospecting,2023-03-04,4
888,0062Q3FKEOUBXXQ6MF,Prospecting,2023-07-01,5
889,0062Q3FKEOUBXXQ6MF,Qualification,2023-07-06,6
890,006ZOCXMZMZ2K1KO6X,Prospecting,2024-03-13,7
891,006ZOCXMZMZ2K1KO6X,Qualification,2024-03-20,20
892,006ZVUV3CB0IXRYLI1,Prospecting,2024-11-05,15
893,006CJB0PNWBGDQEWUH,Prospecting,2024-12-09,4
894,006CJB0PNWBGDQEWUH,Qualification,2024-12-13,12
895,006CJB0PNWBGDQEWUH,Proposal,2024-12-25,21
896,0063GUWYH36MOTCG06,Prospecting,2024-12-08,5
897,006642PW5UESDRBTA3,Prospecting,2024-05-20,13
898,006642PW5UESDRBTA3,Qualification,2024-06-02,20
899,006642PW5UESDRBTA3,Proposal,2024-06-22,10
900,006642PW5UESDRBTA3,Negotiation,2024-07-02,10
901,006U47SOCZDQ7JBMJM,Prospecting,2024-10-14,13
902,006U47SOCZDQ7JBMJM,Qualification,2024-10-27,19
903,006C86Z1B98VWCT8JB,Prospecting,2024-04-28,15
904,006C86Z1B98VWCT8JB,Qualification,2024-05-13,15
905,006C86Z1B98VWCT8JB,Proposal,2024-05-28,26
906,006C86Z1B98VWCT8JB,Negotiation,2024-06-23,28
907,00648AB13T4Y0TB1ZP,Prospecting,2024-05-12,10
908,00648AB13T4Y0TB1ZP,Qualification,2024-05-22,13
909,00648AB13T4Y0TB1ZP,Proposal,2024-06-04,25
910,006M7IDAO13TB25ICC,Prospecting,2023-10-27,11
911,006M7IDAO13TB25ICC,Qualification,2023-11-07,15
912,006EOXXC7HZ364PKNT,Prospecting,2024-08-07,13
913,006EOXXC7HZ364PKNT,Qualification,2024-08-20,15
914,0066ZWKHE9I0HN3F9Z,Prospecting,2024-02-18,11
915,0066ZWKHE9I0HN3F9Z,Qualification,2024-02-29,9
916,0066ZWKHE9I0HN3F9Z,Proposal,2024-03-09,28
917,006K8C4NANPINXTXB1,Prospecting,2023-08-05,13
918,006K8C4NANPINXTXB1,Qualification,2023-08-18,13
919,006K8C4NANPINXTXB1,Proposal,2023-08-31,26
920,006K8C4NANPINXTXB1,Negotiation,2023-09-26,20
921,006M3PP00CDNZY47QU,Prospecting,2024-03-07,6
922,006M3PP00CDNZY47QU,Qualification,2024-03-13,5
923,006M3PP00CDNZY47QU,Proposal,2024-03-18,20
924,006M3PP00CDNZY47QU,Negotiation,2024-04-07,35
925,006KYJ91KUBJJJX1AL,Prospecting,2024-07-09,7
926,006KYJ91KUBJJJX1AL,Qualification,2024-07-16,15
927,006KYJ91KUBJJJX1AL,Proposal,2024-07-31,23
928,0068R4HC7JVLCG1J5E,Prospecting,2024-03-07,7
929,0068R4HC7JVLCG1J5E,Qualification,2024-03-14,20
930,006SPLTI899A44TBID,Prospecting,2024-11-29,14
931,0063OX5FL2MOXQ9WFB,Prospecting,2024-11-27,9
932,00602Z7NUXF1X889U9,Prospecting,2023-07-09,3
933,00602Z7NUXF1X889U9,Qualification,2023-07-12,14
934,00602Z7NUXF1X889U9,Proposal,2023-07-26,15
935,006SLHU6L29IL9YQ8O,Prospecting,2023-10-01,4
936,006SLHU6L29IL9YQ8O,Qualification,2023-10-05,9
937,006SLHU6L29IL9YQ8O,Proposal,2023-10-14,24
938,006SLHU6L29IL9YQ8O,Negotiation,2023-11-07,19
939,006QPU3ET1OVEJKLCP,Prospecting,2024-11-25,15
940,006QPU3ET1OVEJKLCP,Qualification,2024-12-10,12
941,006QPU3ET1OVEJKLCP,Proposal,2024-12-22,14
942,006QPU3ET1OVEJKLCP,Negotiation,2025-01-05,34
943,006QPU3ET1OVEJKLCP,Closed Won,2025-02-08,0
944,0065AEJT70EBPY9E57,Prospecting,2024-10-30,5
945,0065AEJT70EBPY9E57,Qualification,2024-11-04,8
946,0065AEJT70EBPY9E57,Proposal,2024-11-12,29
947,0065AEJT70EBPY9E57,Negotiation,2024-12-11,39
948,0065AEJT70EBPY9E57,Closed Won,2025-01-19,0
949,00666VW9B0MQOQ4KRE,Prospecting,2024-04-09,11
950,00666VW9B0MQOQ4KRE,Qualification,2024-04-20,16
951,00666VW9B0MQOQ4KRE,Proposal,2024-05-06,20
952,006YQLG0K1IRBSSS7K,Prospecting,2024-12-22,14
953,00609HSUWDKEJP5K79,Prospecting,2024-12-24,9
954,00609HSUWDKEJP5K79,Qualification,2025-01-02,18
955,00609HSUWDKEJP5K79,Proposal,2025-01-20,25
956,00609HSUWDKEJP5K79,Negotiation,2025-02-14,26
957,00609HSUWDKEJP5K79,Closed Won,2025-03-12,0
958,00609HSUWDKEJP5K79,Closed Lost,2025-03-12,0
959,0061A68T2A3AH7U0S3,Prospecting,2024-10-27,7
960,006PJ590EMC20LSJWS,Prospecting,2024-12-03,4
961,006PJ590EMC20LSJWS,Qualification,2024-12-07,12
962,006PJ590EMC20LSJWS,Proposal,2024-12-19,12
963,006PJ590EMC20LSJWS,Negotiation,2024-12-31,44
964,006PJ590EMC20LSJWS,Closed Won,2025-02-13,0
965,006U4W8WIV5HHQRGRE,Prospecting,2024-05-31,10
966,006U4W8WIV5HHQRGRE,Qualification,2024-06-10,7
967,006ZBYWWIMT8545YRW,Prospecting,2024-02-01,15
968,006ZBYWWIMT8545YRW,Qualification,2024-02-16,15
969,006QIPG8XMOE545VYB,Prospecting,2024-05-10,3
970,006O3PJBRHWBQH5T2D,Prospecting,2024-05-04,9
971,0061TXSNHFT4I26LH0,Prospecting,2023-08-06,9
972,0061TXSNHFT4I26LH0,Qualification,2023-08-15,18
973,0061TXSNHFT4I26LH0,Proposal,2023-09-02,11
974,0061TXSNHFT4I26LH0,Negotiation,2023-09-13,31
975,006KAWYB03NO355CSZ,Prospecting,2024-02-10,10
976,0062GVLLSAJHJXQKD8,Prospecting,2023-07-30,3
977,0062GVLLSAJHJXQKD8,Qualification,2023-08-02,15
978,0062GVLLSAJHJXQKD8,Proposal,2023-08-17,18
979,006RONTDI9OINUXL39,Prospecting,2024-01-03,4
980,006RONTDI9OINUXL39,Qualification,2024-01-07,14
981,006FWR0UI1JLMFLUOA,Prospecting,2023-11-27,6
982,006FWR0UI1JLMFLUOA,Qualification,2023-12-03,20
983,006FWR0UI1JLMFLUOA,Proposal,2023-12-23,22
984,006FWR0UI1JLMFLUOA,Negotiation,2024-01-14,30
985,006RT007PCEASEH5E5,Prospecting,2024-09-28,12
986,006RT007PCEASEH5E5,Qualification,2024-10-10,11
987,006KPK7YSWNXFSHWZS,Prospecting,2024-09-28,9
988,006KPK7YSWNXFSHWZS,Qualification,2024-10-07,18
989,006ZRLGQ9AZHDQDWVC,Prospecting,2024-11-19,6
990,006ZRLGQ9AZHDQDWVC,Qualification,2024-11-25,14
991,006ZRLGQ9AZHDQDWVC,Proposal,2024-12-09,14
992,006ZRLGQ9AZHDQDWVC,Negotiation,2024-12-23,44
993,006ZRLGQ9AZHDQDWVC,Closed Won,2025-02-05,0
994,006N17UXHVDHGUESXN,Prospecting,2023-06-02,15
995,0062FF5L6BSPXLSEUN,Prospecting,2024-11-13,5
996,00654884Z4UR2YUPMA,Prospecting,2024-10-19,8
997,00654884Z4UR2YUPMA,Qualification,2024-10-27,10
998,00657GN79HMHVL66SA,Prospecting,2024-11-04,12
999,00657GN79HMHVL66SA,Qualification,2024-11-16,15
1000,006CUBZQVQG0XTDNWZ,Prospecting,2024-03-23,12
1001,006CUBZQVQG0XTDNWZ,Qualification,2024-04-04,17
1002,006ZL4J4X0LY66G9ZN,Prospecting,2024-03-07,4
1003,006ZL4J4X0LY66G9ZN,Qualification,2024-03-11,8
1004,006ZL4J4X0LY66G9ZN,Proposal,2024-03-19,9
1005,006ZL4J4X0LY66G9ZN,Negotiation,2024-03-28,10
1006,0061FJGBVYOW47LUEQ,Prospecting,2024-08-31,15
1007,0061FJGBVYOW47LUEQ,Qualification,2024-09-15,5
1008,0061FJGBVYOW47LUEQ,Proposal,2024-09-20,11
1009,0061FJGBVYOW47LUEQ,Negotiation,2024-10-01,39
1010,006GV812HNC0I4X6G1,Prospecting,2024-09-24,9
1011,006LIG5GKZJRUMXQW3,Prospecting,2024-01-20,10
1012,006LIG5GKZJRUMXQW3,Qualification,2024-01-30,7
1013,006LIG5GKZJRUMXQW3,Proposal,2024-02-06,29
1014,00632HZS32D1JQBEXG,Prospecting,2024-07-11,13
1015,00632HZS32D1JQBEXG,Qualification,2024-07-24,9
1016,006LDM6FRM6GMFT1PW,Prospecting,2024-11-20,3
1017,006LDM6FRM6GMFT1PW,Qualification,2024-11-23,5
1018,006ROB7I77DPJUVFFK,Prospecting,2024-07-08,10
1019,006ROB7I77DPJUVFFK,Qualification,2024-07-18,10
1020,006ROB7I77DPJUVFFK,Proposal,2024-07-28,8
1021,006ROB7I77DPJUVFFK,Negotiation,2024-08-05,13
1022,00612QFAF5KCIHDIY4,Prospecting,2023-09-08,7
1023,00612QFAF5KCIHDIY4,Qualification,2023-09-15,16
1024,00612QFAF5KCIHDIY4,Proposal,2023-10-01,28
1025,006Z6Y3Z1DE1E1630P,Prospecting,2024-07-25,13
1026,006Z6Y3Z1DE1E1630P,Qualification,2024-08-07,16
1027,006V1NM3V16XEGHPMX,Prospecting,2023-09-21,13
1028,006V1NM3V16XEGHPMX,Qualification,2023-10-04,7
1029,0068GOSD3M0XO3FESY,Prospecting,2024-07-22,3
1030,0068GOSD3M0XO3FESY,Qualification,2024-07-25,10
1031,0060E36S2Z48EGP15C,Prospecting,2024-10-19,7
1032,0060E36S2Z48EGP15C,Qualification,2024-10-26,15
1033,006QB5QBVNPY1AJKPQ,Prospecting,2024-07-26,4
1034,006QB5QBVNPY1AJKPQ,Qualification,2024-07-30,6
1035,006IDD0WPJ8YI340SQ,Prospecting,2024-04-03,12
1036,0060MWKOG0Z0C682U9,Prospecting,2024-08-02,4
1037,006YGSBOGKAH2XJQ2W,Prospecting,2023-08-16,3
1038,006YGSBOGKAH2XJQ2W,Qualification,2023-08-19,5
1039,006YGSBOGKAH2XJQ2W,Proposal,2023-08-24,13
1040,0060VQPVTRUML3F4RT,Prospecting,2024-01-02,15
1041,0060VQPVTRUML3F4RT,Qualification,2024-01-17,10
1042,0060VQPVTRUML3F4RT,Proposal,2024-01-27,19
1043,006UMH9NKLYBWGMP9A,Prospecting,2024-11-03,10
1044,006UMH9NKLYBWGMP9A,Qualification,2024-11-13,8
1045,006EV4DH9UGF10OO1P,Prospecting,2024-09-24,7
1046,006EV4DH9UGF10OO1P,Qualification,2024-10-01,14
1047,006EV4DH9UGF10OO1P,Proposal,2024-10-15,26
1048,006EV4DH9UGF10OO1P,Negotiation,2024-11-10,38
1049,006EV4DH9UGF10OO1P,Closed Won,2024-12-18,0
1050,006EV4DH9UGF10OO1P,Closed Lost,2024-12-18,0
1051,006O4RQ3Q7GKTMQG6N,Prospecting,2024-06-11,4
1052,006W9V08LIUQDN05XT,Prospecting,2024-07-21,12
1053,006W9V08LIUQDN05XT,Qualification,2024-08-02,14
1054,006W9V08LIUQDN05XT,Proposal,2024-08-16,11
1055,006ZHECBUQYPIGQX24,Prospecting,2024-09-21,4
1056,006ZHECBUQYPIGQX24,Qualification,2024-09-25,19
1057,006ZHECBUQYPIGQX24,Proposal,2024-10-14,26
1058,00695CPJZE1XTAR0KO,Prospecting,2024-10-29,7
1059,006D41U2ZNXFIRJLYQ,Prospecting,2024-08-01,5
1060,006D41U2ZNXFIRJLYQ,Qualification,2024-08-06,8
1061,006D41U2ZNXFIRJLYQ,Proposal,2024-08-14,22
1062,006ZUV1FKHNNK8FWRP,Prospecting,2024-07-21,12
1063,006BHKVJZ09OWGMF4L,Prospecting,2023-10-24,6
1064,006BHKVJZ09OWGMF4L,Qualification,2023-10-30,14
1065,006BHKVJZ09OWGMF4L,Proposal,2023-11-13,8
1066,0066A8MLIK22XMQ664,Prospecting,2024-11-28,9
1067,0066A8MLIK22XMQ664,Qualification,2024-12-07,15
1068,0066A8MLIK22XMQ664,Proposal,2024-12-22,28
1069,006LCTT058CUIJ0YXI,Prospecting,2024-07-24,5
1070,006LCTT058CUIJ0YXI,Qualification,2024-07-29,20
1071,006LCTT058CUIJ0YXI,Proposal,2024-08-18,21
1072,006076EKHI1RD5B2CR,Prospecting,2024-05-30,8
1073,006KAP6ZPXVW19JOJW,Prospecting,2024-09-28,11
1074,006IJULP98RL9QFCPK,Prospecting,2024-11-18,7
1075,006SLTDKVUFF124VF8,Prospecting,2024-12-26,7
1076,006Q4KFMM0QPOP1O8M,Prospecting,2024-07-01,13
1077,006Q4KFMM0QPOP1O8M,Qualification,2024-07-14,17
1078,006Q4KFMM0QPOP1O8M,Proposal,2024-07-31,20
1079,006Q4KFMM0QPOP1O8M,Negotiation,2024-08-20,20
1080,006J3APNU02WPJCF07,Prospecting,2024-12-16,15
1081,006VNDXJN7DE0L1OFF,Prospecting,2024-11-28,7
1082,006VNDXJN7DE0L1OFF,Qualification,2024-12-05,15
1083,006VNDXJN7DE0L1OFF,Proposal,2024-12-20,13
1084,0061JTKA1C2ZL46Q5G,Prospecting,2024-07-10,6
1085,0067FXP323C9NU985L,Prospecting,2024-09-03,10
1086,0067FXP323C9NU985L,Qualification,2024-09-13,9
1087,006UEFS4UQXGCY3Q69,Prospecting,2024-09-12,14
1088,006UEFS4UQXGCY3Q69,Qualification,2024-09-26,9
1089,006UEFS4UQXGCY3Q69,Proposal,2024-10-05,8
1090,0062086OKWOALF4V1T,Prospecting,2024-08-08,4
1091,0061HGAV42T8LLIHKP,Prospecting,2024-12-30,3
1092,0061HGAV42T8LLIHKP,Qualification,2025-01-02,8
1093,0061HGAV42T8LLIHKP,Proposal,2025-01-10,11
1094,0061HGAV42T8LLIHKP,Negotiation,2025-01-21,11
1095,0061HGAV42T8LLIHKP,Closed Won,2025-02-01,0
1096,006NP00NQOHN3DG60E,Prospecting,2024-02-24,10
1097,00692MJEQA2O4M84P4,Prospecting,2024-11-25,5
1098,00692MJEQA2O4M84P4,Qualification,2024-11-30,9
1099,006806B4GASFQBVH0K,Prospecting,2024-05-31,14
1100,006806B4GASFQBVH0K,Qualification,2024-06-14,7
1101,006806B4GASFQBVH0K,Proposal,2024-06-21,16
1102,0063G5DFRLW6JL2L5B,Prospecting,2024-07-23,15
1103,006DMIPC8QO6P43AR6,Prospecting,2023-10-04,8
1104,006DMIPC8QO6P43AR6,Qualification,2023-10-12,15
1105,00604HHE7ICDO5DIGX,Prospecting,2024-06-28,12
1106,00604HHE7ICDO5DIGX,Qualification,2024-07-10,12
1107,006J6LNF0402W29AW4,Prospecting,2024-08-06,14
1108,006J6LNF0402W29AW4,Qualification,2024-08-20,20
1109,006J6LNF0402W29AW4,Proposal,2024-09-09,20
1110,006G58O9QJP0XSM9GM,Prospecting,2024-05-23,9
1111,0062PATD93EZEMQT78,Prospecting,2024-08-17,4
1112,0060S2UTBTTY9GFYW4,Prospecting,2024-11-27,13
1113,006HB8OOSPRLZKCZYH,Prospecting,2024-04-11,13
1114,006HB8OOSPRLZKCZYH,Qualification,2024-04-24,14
1115,006HB8OOSPRLZKCZYH,Proposal,2024-05-08,29
1116,006HB8OOSPRLZKCZYH,Negotiation,2024-06-06,18
1117,006HB8OOSPRLZKCZYH,Closed Won,2024-06-24,0
1118,006FPVIMI8FO0VYHFJ,Prospecting,2024-10-05,10
1119,006VIP3TVF51Z58B4J,Prospecting,2024-07-24,13
1120,006VIP3TVF51Z58B4J,Qualification,2024-08-06,6
1121,006ID9VVN5X48PW5K0,Prospecting,2024-12-08,8
1122,006ID9VVN5X48PW5K0,Qualification,2024-12-16,10
1123,006ID9VVN5X48PW5K0,Proposal,2024-12-26,19
1124,006ID9VVN5X48PW5K0,Negotiation,2025-01-14,17
1125,006ID9VVN5X48PW5K0,Closed Won,2025-01-31,0
1126,006D3IRVXD2ZU4NS7N,Prospecting,2024-09-24,8
1127,006D3IRVXD2ZU4NS7N,Qualification,2024-10-02,7
1128,006ZV3ZBXPQ5BO20P6,Prospecting,2023-09-04,3
1129,006OBQ6MYM8J2LZW1F,Prospecting,2023-12-29,3
1130,006OBQ6MYM8J2LZW1F,Qualification,2024-01-01,13
1131,006OBQ6MYM8J2LZW1F,Proposal,2024-01-14,19
1132,006MW04I3DZXLRGNJZ,Prospecting,2024-08-30,5
1133,006MW04I3DZXLRGNJZ,Qualification,2024-09-04,20
1134,006MW04I3DZXLRGNJZ,Proposal,2024-09-24,21
1135,006MW04I3DZXLRGNJZ,Negotiation,2024-10-15,30
1136,006GLSXKUGWCDZ6X4F,Prospecting,2024-08-26,15
1137,006GLSXKUGWCDZ6X4F,Qualification,2024-09-10,15
1138,006GLSXKUGWCDZ6X4F,Proposal,2024-09-25,21
1139,006GLSXKUGWCDZ6X4F,Negotiation,2024-10-16,13
1140,006052W8LI3IF9AIZH,Prospecting,2024-08-14,8
1141,006RPU9GGSOU6NJ2N2,Prospecting,2023-12-11,14
1142,006E49ITE92SRL3VZZ,Prospecting,2024-08-10,14
1143,006E49ITE92SRL3VZZ,Qualification,2024-08-24,18
1144,006VC9AQX6RZCM8JJ6,Prospecting,2024-03-18,13
1145,006VC9AQX6RZCM8JJ6,Qualification,2024-03-31,15
1146,006VC9AQX6RZCM8JJ6,Proposal,2024-04-15,25
1147,006VC9AQX6RZCM8JJ6,Negotiation,2024-05-10,16
1148,006QTYLU58FTYLAVZM,Prospecting,2024-09-03,3
1149,006QTYLU58FTYLAVZM,Qualification,2024-09-06,10
1150,006V1GGXRED8U8NOZE,Prospecting,2023-06-24,7
1151,006V1GGXRED8U8NOZE,Qualification,2023-07-01,18
1152,006GOI9WM1SAV9CNG8,Prospecting,2024-01-12,4
1153,006GOI9WM1SAV9CNG8,Qualification,2024-01-16,20
1154,006CGWRT9DYFNGP41S,Prospecting,2024-02-15,8
1155,006CGWRT9DYFNGP41S,Qualification,2024-02-23,9
1156,006LKMGS6RV9777TNQ,Prospecting,2024-12-25,3
1157,006LKMGS6RV9777TNQ,Qualification,2024-12-28,9
1158,006LKMGS6RV9777TNQ,Proposal,2025-01-06,14
1159,006LKMGS6RV9777TNQ,Negotiation,2025-01-20,37
1160,006LKMGS6RV9777TNQ,Closed Won,2025-02-26,0
1161,0063GOM6736Z4DSXLS,Prospecting,2024-12-17,12
1162,0063GOM6736Z4DSXLS,Qualification,2024-12-29,20
1163,006KWONRRLRNR2KYB3,Prospecting,2024-11-05,7
1164,006LBB8NMT3YPS4SYB,Prospecting,2024-05-08,6
1165,006LBB8NMT3YPS4SYB,Qualification,2024-05-14,10
1166,006LBB8NMT3YPS4SYB,Proposal,2024-05-24,20
1167,006HHXA7HY7AI33993,Prospecting,2024-09-06,3
1168,006HHXA7HY7AI33993,Qualification,2024-09-09,5
1169,006HHXA7HY7AI33993,Proposal,2024-09-14,27
1170,006HHXA7HY7AI33993,Negotiation,2024-10-11,28
1171,006HHXA7HY7AI33993,Closed Won,2024-11-08,0
1172,0065PU5WH50JYOOK63,Prospecting,2023-09-17,14
1173,006QXIWE6RGL7JY7OT,Prospecting,2024-12-23,8
1174,006QXIWE6RGL7JY7OT,Qualification,2024-12-31,16
1175,006QXIWE6RGL7JY7OT,Proposal,2025-01-16,17
1176,006TRE9QDI3G13IWPF,Prospecting,2024-06-06,3
1177,006TRE9QDI3G13IWPF,Qualification,2024-06-09,8
1178,006TRE9QDI3G13IWPF,Proposal,2024-06-17,22
1179,006TRE9QDI3G13IWPF,Negotiation,2024-07-09,37
1180,0068M87MHXOFKCGGXP,Prospecting,2024-09-15,6
1181,0068M87MHXOFKCGGXP,Qualification,2024-09-21,11
1182,0068M87MHXOFKCGGXP,Proposal,2024-10-02,11
1183,0068M87MHXOFKCGGXP,Negotiation,2024-10-13,26
1184,006TLECSAZ0LB6YAAC,Prospecting,2024-11-06,13
1185,006TLECSAZ0LB6YAAC,Qualification,2024-11-19,13
1186,006TLECSAZ0LB6YAAC,Proposal,2024-12-02,23
1187,006A3RUNYN6IRJ9WR6,Prospecting,2023-12-07,9
1188,006A3RUNYN6IRJ9WR6,Qualification,2023-12-16,11
1189,006A3RUNYN6IRJ9WR6,Proposal,2023-12-27,20
1190,006A3RUNYN6IRJ9WR6,Negotiation,2024-01-16,7
1191,0065NA2FQZTIO4M7PP,Prospecting,2024-07-17,10
1192,006ETIZU802NQ52NLO,Prospecting,2024-12-21,14
1193,006ETIZU802NQ52NLO,Qualification,2025-01-04,14
1194,006HTFNSGPYNYJ0UFO,Prospecting,2024-07-15,11
1195,006HTFNSGPYNYJ0UFO,Qualification,2024-07-26,19
1196,0067W05Y2DA5B4L6HF,Prospecting,2024-10-17,3
1197,0067W05Y2DA5B4L6HF,Qualification,2024-10-20,14
1198,006QMGK2F5FE6OUWZK,Prospecting,2024-11-04,8
1199,006QMGK2F5FE6OUWZK,Qualification,2024-11-12,5
1200,006ENNGAY37VG688U5,Prospecting,2024-08-06,9
1201,006ENNGAY37VG688U5,Qualification,2024-08-15,7
1202,006ENNGAY37VG688U5,Proposal,2024-08-22,22
1203,006ENNGAY37VG688U5,Negotiation,2024-09-13,31
1204,006ENNGAY37VG688U5,Closed Won,2024-10-14,0
1205,006D78HWK22M9RWV9N,Prospecting,2024-02-19,10
1206,0066BILQPB01QCTE9W,Prospecting,2024-12-03,12
1207,0066BILQPB01QCTE9W,Qualification,2024-12-15,12
1208,0066BILQPB01QCTE9W,Proposal,2024-12-27,17
1209,0066BILQPB01QCTE9W,Negotiation,2025-01-13,42
1210,0066BILQPB01QCTE9W,Closed Won,2025-02-24,0
1211,0066BILQPB01QCTE9W,Closed Lost,2025-02-24,0
1212,006ZJNNS9PZEMJGKCQ,Prospecting,2024-01-31,6
1213,006ZJNNS9PZEMJGKCQ,Qualification,2024-02-06,19
1214,006ZJNNS9PZEMJGKCQ,Proposal,2024-02-25,15
1215,006ZJNNS9PZEMJGKCQ,Negotiation,2024-03-11,24
1216,006ZJNNS9PZEMJGKCQ,Closed Won,2024-04-04,0
1217,0063DCNF225AA35WFW,Prospecting,2024-05-24,13
1218,0063DCNF225AA35WFW,Qualification,2024-06-06,6
1219,0063DCNF225AA35WFW,Proposal,2024-06-12,14
1220,0063DCNF225AA35WFW,Negotiation,2024-06-26,42
1221,0063DCNF225AA35WFW,Closed Won,2024-08-07,0
1222,006ZH0CD8A2IBCLTRH,Prospecting,2024-12-20,7
1223,006ZH0CD8A2IBCLTRH,Qualification,2024-12-27,17
1224,006ZH0CD8A2IBCLTRH,Proposal,2025-01-13,15
1225,006ZH0CD8A2IBCLTRH,Negotiation,2025-01-28,5
1226,006SC9J5UGE1G41IO4,Prospecting,2024-11-08,11
1227,006SC9J5UGE1G41IO4,Qualification,2024-11-19,12
1228,006MIA6YKFCR6C1PY6,Prospecting,2024-08-24,3
1229,006MIA6YKFCR6C1PY6,Qualification,2024-08-27,12
1230,006MIA6YKFCR6C1PY6,Proposal,2024-09-08,21
1231,006CJ4Q0RR1L9GVBMQ,Prospecting,2023-07-12,6
1232,006CJ4Q0RR1L9GVBMQ,Qualification,2023-07-18,17
1233,006CJ4Q0RR1L9GVBMQ,Proposal,2023-08-04,7
1234,0060N852N5FNP36F8H,Prospecting,2024-06-19,9
1235,0060N852N5FNP36F8H,Qualification,2024-06-28,6
1236,0060N852N5FNP36F8H,Proposal,2024-07-04,9
1237,0060N852N5FNP36F8H,Negotiation,2024-07-13,22
1238,006F34JGVRP4RXMD8Z,Prospecting,2024-09-07,11
1239,006ALFWYPEEK035N8C,Prospecting,2024-06-20,11
1240,006ALFWYPEEK035N8C,Qualification,2024-07-01,18
1241,006ALFWYPEEK035N8C,Proposal,2024-07-19,7
1242,006ALFWYPEEK035N8C,Negotiation,2024-07-26,37
1243,006ALFWYPEEK035N8C,Closed Won,2024-09-01,0
1244,0066W6RKM2Z682U6ZV,Prospecting,2024-08-06,14
1245,006WCRV68JQ12JF4CI,Prospecting,2024-11-02,15
1246,006WCRV68JQ12JF4CI,Qualification,2024-11-17,14
1247,006RL5H3G7VKC5SSIN,Prospecting,2024-06-25,15
1248,006RL5H3G7VKC5SSIN,Qualification,2024-07-10,6
1249,0061CQ6FWTV1DJJZQF,Prospecting,2024-05-30,10
1250,006F3NAPLGW1XL1BS0,Prospecting,2023-08-01,12
1251,006ZDMMCMCOCO2ZTDH,Prospecting,2023-12-15,6
1252,0064IBHIF5SL1YA1RY,Prospecting,2024-05-27,11
1253,006RMC5S3OFAWWJNN4,Prospecting,2024-02-21,13
1254,006KBVXSOGB205HU03,Prospecting,2023-12-13,11
1255,006KBVXSOGB205HU03,Qualification,2023-12-24,14
1256,006KBVXSOGB205HU03,Proposal,2024-01-07,10
1257,006KBVXSOGB205HU03,Negotiation,2024-01-17,20
1258,006KBVXSOGB205HU03,Closed Won,2024-02-06,0
1259,0065JSLHGMRZZQO17R,Prospecting,2024-08-11,9
1260,0065JSLHGMRZZQO17R,Qualification,2024-08-20,15
1261,006487KNUFBHGP5CPA,Prospecting,2024-05-21,5
1262,006487KNUFBHGP5CPA,Qualification,2024-05-26,11
1263,006487KNUFBHGP5CPA,Proposal,2024-06-06,7
1264,0060YB7RADI5UUJZR0,Prospecting,2024-05-19,13
1265,0063O9UBC1KKR2AJ5I,Prospecting,2023-07-22,9
1266,0063O9UBC1KKR2AJ5I,Qualification,2023-07-31,7
1267,0063O9UBC1KKR2AJ5I,Proposal,2023-08-07,17
1268,006Z2Z0KDN3TN60TLX,Prospecting,2024-08-03,13
1269,006Z2Z0KDN3TN60TLX,Qualification,2024-08-16,12
1270,006Z2Z0KDN3TN60TLX,Proposal,2024-08-28,22
1271,006Z2Z0KDN3TN60TLX,Negotiation,2024-09-19,6
1272,006Z2Z0KDN3TN60TLX,Closed Won,2024-09-25,0
1273,006Y6YO8DJE7XQTY6M,Prospecting,2024-10-12,4
1274,006Y6YO8DJE7XQTY6M,Qualification,2024-10-16,9
1275,0063HYCPESBDA7XFIZ,Prospecting,2024-06-15,14
1276,0063HYCPESBDA7XFIZ,Qualification,2024-06-29,13
1277,0063HYCPESBDA7XFIZ,Proposal,2024-07-12,12
1278,006S3HMO1DXQ46GA2S,Prospecting,2024-02-10,13
1279,006S3HMO1DXQ46GA2S,Qualification,2024-02-23,14
1280,006S3HMO1DXQ46GA2S,Proposal,2024-03-08,28
